call_number,vehicles_color,vehicles_year,vehicles_model,vehicles_vin
20-1,RED,2015,TOYT HIGHLA,STDJKRFH8FS119503
20-23,BLU,2003,NISS PATHFI,JNSDRO9Y63W819133
20-26,GRY,2017,,3NLAB7AP9HL693980
20-27,GRY,2015,BMW X5,SUXKROCSSFOP11755
20-28,BRO,2011,CHEV TRAVER,1IGNKVGEDOBJ298956
20-29,BLK,2016,VOLV Xc60 T5 Premier,YV4612RKXG2809153
20-30,GRY,2005,TOYT SCIOTC,JTKDE177650027277
20-30,GRY,2005,TOYT SCIOTC,JTKDE177650027277
20-31,RED,2012,VOLK ST JETTA,3VWML7AJ4CM641871
20-32,GRY,2008,TOYT SIENNA,5TDBK22C98S013344
20-34,RED,2017,BUIC ENCORE,KL4CJASB4HB252956
20-44,WHI,2018,HOND ODYSSE,SFNRL6H200B038466
20-73,BLU,2012,FORD SE FUSION,3FAHPOHASCR297999
20-74,BLU,2000,HOND SE CIVIC,LHGEJ8646YL059528
20-75,GRN,2013,SUBA FOREST,JF2SHADC5DH432846
20-76,BLK,2007,MAZD HB MZ3,JM1BK344071655457
20-83,RED,2013,FORD F150,LFTFWLEFSDFAG64391
20-100,GRY,2018,SUBA IMPREZ,4S3GTAD65J3749631
20-101,GRY,2019,TOYT LL RAV4,2T3P1RFV9KC035512
20-105,RED,2015,SUBA FOREST,JF2ZSTJADCSFHS70295
20-106,GRY,2006,TOYT SH CAMRY,4TIBF32K46U111302
20-109,BLK,2002,TOYT CO ECHO,JTDAT123%20252074
20-110,GRY,2015,SUBA XVCROS,JF2GPACC2FG218948
20-112,BLK,2012,BMW X39,5UXWX5C54CL724897
20-112,was,inspected,,
20-115,GRY,2008,SAA ST 95,YS3ED55G583511672
20-116,RED,2016,SUBA SE LEGACY,4S3BNAN6XG3010802
20-123,WHI,2015,NISS SE SENTRA,3NIAB7AP3FY256461
20-127,RED,2007,HOND U CRV,JHLRE48787C113238
20-128,BLK,2015,AUDIT 4D Q3 2.0t Prestige,WALGFCFS8FR001449
20-147,GRY,2007,FORD SE FOCUS,1FAHP34N47W293.212
20-153,BLK,2017,VOLK 4D JETTA,
20-154,SUBA,4D,,
20-157,BLK,2017,VOLK SE JETTA,3VWST7AJ3HM381555
20-162,WHI,2017,SUBA SE OUTBAC,4S4BSACCXH3411720
20-164,BLK,2018,FORD EXPLOR,1FMSK8D85JGB60281
20-165,WHI,2014,CHEV 4D CRZ,1G1PA5SG6E7350937
20-168,RED,2005,BUIC RAINIE,5GADT13S052199236
20-169,BLK,2020,INFI SE Q50,jnlev7ar51m251609
20-169,GRY,2020,JEEP U,
20-173,GRY,2011,TOYT SE COROLL,2T1BU4EE1BC734793
20-197,BLU,2019,SUBA LL CTK,JF2GTANC6K8361379
20-202,GRN,2000,TOYT TK,STBBT481XYS058056
20-204,WHI,2012,FIAT SE 5PP,3C3CFFAR5CT383893
20-204,RED,2018,VOLK SE JETTA,3VW2B7AJ80M243053
20-206,2017,FORD,4D FOC,1IFADP3K27HL272817
20-207,2019,NISS,SW,KNMAT2MT2KP534915
20-228,GRY,2016,JEEP Cherokee,1C4PJMCBXGW203260
20-240,RED,2015,GMC SIERRA,3GTU2ZTECSFG462657
20-242,BLU,2005,SUBA ST LEGACY,4S4BP62C257367538
20-244,GRY,2007,FORD ESCAPE,LFMYU93137KA03632
20-247,RED,2012,TOYT SE CAMRY,4T1BFIFK4CU621577
20-250,BLK,2013,NISS SE ALTIMA,LIN4AL3AP9DC230025
20-258,BLK,2018,HYUN 4D SON,SNPE24AF2JH714596
20-258,BLK,2018,HYUN 4D SON,SNPE24AF2JH714596
20-266,GRN,2004,TOYT SEQUOI,5TDBT44A145230501
20-285,GRY,2000,VOLK ST PASSAT,WVWND23B4YE140022
20-293,RED,2018,SUBA FOREST,JF2SJAUCS5JH529792
20-293,RED,2018,SUBA FOREST,JF2SJAUCS5JH529792
20-304,BLU,2007,DODG CALIBE,1B3HB48B57D159501
20-308,WHI,2032,TOYT PK TACCOMA,3TMLU4ENXCM082771
20-318,BLK,2006,PONT SE GRAPRI,2G2WP552X61293906
20-323,GRY,2009,KIA SE SPECTR,KNAFE222895027398
20-326,WHI,2016,HYUN SE ELANTR,SNPDH4AE4GH778133
20-327,BLK,2017,NISS ROGUE,KNMAT2MV2HP5386i8
20-328,BLK,2001,TOYT U 4RUNNE,JT3HN86R610349890
20-333,WHI,2018,FORD PK F-1SOXLT,1FTEWLEGSJFB48174
20-347,BLK,2013,GMC SIERRA,1GT423CG5DF230075
20-347,BLK,2013,GMC SIERRA,1GT423CG5DF230075
20-346,VIN:,1GT423CG5DF230075,BLK 2013 GMC PK SIERRA,1GT423CG5DF230075
20-351,SIL,2004,TOYT PK,5TEWN72NXK4Z416575
20-360,BLU,2012,TOYT SE PRIUS,JTDKN3DU4C1520547
20-362,GRY,2009,MAZD SE 3,JM1BK32F691233815
20-368,BLU,2006,TOYT TACOMA,STELU42N96Z224085
20-386,BLK,2011,NISS ROGUE,JNSASSMV5BW673839
20-397,GRY,2012,CHEV SE IMPALA,2G1WG5SE37C1334999
20-403,GRY,2011,AUDI SE A&4,WAUBFAFL7BN041422
20-411,SIL,2013,TOYT U FJ CRUISER,
20-413,BLK,2013,CHRY SE 200,i1C3CCBBB5DN695104
20-414,GRY,2018,TOYT HIGHLA,5TDUZRFH6IS531598
20-409,GRY,2006,TOYT SE CAMRY,4T1BA32K16U087233
20-410,BLU,2011,NISS U SENTRA,3NLAB6GAP9BL615264
20-410,BLU,2011,NISS U SENTRA,3NLAB6GAP9BL615264
20-416,BRO,2016,SUBA SW FORESTER,JF2SJAFC6GH403409
20-430,VIN:,YV4CZ982281419483,GRY 2008 VOLV XC90,YV4CZ982281419483
20-430,BLK,2012,HOND 4D,SFPYK1F55CB453467
20-451,BRO,2011,KIA SE FORTE,KNAFU4A26B5365114
20-451,BRO,2011,KIA SE FORTE,KNAFU4A26B5365114
20-475,GRY,2013,BMW X5 Xdrive35i,SUX2ZV4C53D0B17487
20-476,GRN,2002,VOLK CO CABRIO,3VWDC21V52M806363
20-476,GRN,2002,VOLK CO CABRIO,3VWDC21V52M806363
20-483,BRO,2001,GMC SONOMA,1GTCT19W518152814
20-485,GRY,2019,IN6AA1E56KN500340 NISS PK TITAN,
20-492,GRN,2005,"JEEP Li, WRANGLER",1034FA49535P353411
20-496,GRY,2010,MAZD HB,
20-514,GRY,2015,MERZ GLK350,WDCGG8JB2FG411824
20-514,GRY,2015,MERZ GLK350,WDCGG8JB2FG411824
20-516,BLU,2007,JEEP WRANGL,
20-517,GRY,2008,,3N1AB61828L713365
20-518,GRY,2012,HYUN SE ACCENT,KMHCT4AE7CU218421
20-519,GRY,2012,TOYT PRIUS,JTDKN3DUXC1546070
20-521,GRY,2001,DODG 1B4HS28N51F610254 DURANG,
20-523,2015,VOLV,SW,YV4902RV2F2710982
20-526,BLK,2000,TOYT 2D CELICA,JTDDR32T1Y0041426
20-527,GLD,2004,TOYT U 4RUNNER,JTEBU17R948017955
20-529,BLU,2007,TOYT YARIS,JTDIT923175123682
20-565,SIL,2002,TOYT SE AVA,4T1BF28B82U211155
20-568,GRY,2018,FORD F150,1FTEWLEG7JFB00272
20-569,WHI,2015,KIA LL SPORTAGE,KNDPB3AC8F7785192
20-571,WHI,2018,HOND PK RIDGEL,5FPYK3F67JB016605
20-572,RED,2018,HOND U CRV,5J36RW2H88JL017036
20-573,WHI,1998,TOYT SE CAMRY,4T1LBG28K2WU349776
20-574,GRY,2003,ACUR 4D TL,19UUA56633A090414
20-589,RED,2012,HOND SE ACCORD,1HGCP2F30CA238338
20-5390,BLK,2009,453BL626897223797 SUBA SE LEGACY,
20-613,WHI,2018,LL SORRENTO,5XYPGDA300G425952
20-616,RED,2002,CHEV SILVER,1GCHK29U062E299711
20-617,WHI,2015,CHEV EXPVAN,IGCWGFCG6F1220991
20-620,WHI,2014,TOYT 4RUNNE,JTEBUSJRSE5164910
20-620,WHI,2014,TOYT 4RUNNE,JTEBUSJRSE5164910
20-622,VIN:,JTEHP21A470194099,RED 2007 TOYT SW HIGHLA,JTEHP21A470194099
20-624,STELU4,2N36Z225622,BRO 2006 TOYT TACOMA,
20-626,BRO,2017,TOYT TACOMA,5TFSZSAN3HX055258
20-626,BRO,2017,TOYT TACOMA,5TFSZSAN3HX055258
20-629,GRY,2013,HOND SE CIVIC,19XFB2E57DE037550
20-636,GRY,2020,SUBA OUTBACK,4S4BTACC3L3137136
20-654,GRY,2018,TOYT RAV4,
20-658,GRY,2014,AUDI Q5,WALLFAFP9BA020586
20-660,BLK,2017,CHEV 4D CRZ,1G1BC5SM4H7156244
20-661,GRY,2001,AUDI SE A@,WAUDC68D81A147758
20-662,WHI,2005,TOYT RAV4,JTEHD20V750075456
20-673,RED,2010,ACUR MDX,2HNYD2H70AH506410
20-675,BLU,2013,HOND CRV,SJ6RM4H58DL008946
20-676,WHI,2018,GMC PK,
20-677,BLK,2011,LEXS LL R45,JTJBCiBA6B2420118
20-679,GRY,2010,CHEV PK,
20-681,BLK,2018,FORD,1FADP3F237L252709
20-682,GRN,2003,CHEV TK SILVERADO,
20-695,BLU,2010,SUBA ST OUTBAC,4S4BRBJC0A3372811
20-720,WHI,2006,JEEP COMMAN,108HG48N06C274787
20-721,RED,2015,TOYT HIGHLA,STDJKRFH8FS119503
20-727,BLK,2016,CHEV PK SILVERADO,1GCVKREH2G2137126
20-735,GRY,2010,TOYT TACOMA,STEUU4EN6AZ681526
20-736,GRY,2011,TOYT SE CAMRY,4T4BF3EK7BR159209
20-737,BLU,2011,HOND CRV,SJ6RE4H59BL046406
20-738,WHI,2018,,19XFC2F57dE204190
20-741,GRY,2016,HOND CRV,536RM4H30GL135936
20-781,GRY,2006,SUBA ST FOREST,JF1SG63646H718755
20-785,GRY,2019,SUBA U,4S54BSANC3K3308904
20-787,GRY,2017,NISS SE SENTRA,3N1AB7APOHY304047
20-791,WHI,2012,VOLK SE PASSAT,1VWBM7A31CC054048
20-815,GRY,2005,TOYT SE COROLL,2T1BR30E15C374478
20-815,WHI,2011,CHEV SE CRUZE,1G1PC5SH7B7273705
20-817,GRY,2005,FORD EXPLOR,LFMZU73W05UB90169
20-826,RED,2012,FORD F450,1FDUF4HT9CEA07862
20-826,RED,2012,FORD F450,1FDUF4HT9CEA07862
20-851,WHI,2015,FRHT BU TEMS,NLTRPPU7XF1000302
20-851,WHI,2015,CHEV EXPVAN,1GAZG1IFG7F1129295
20-851,WHI,2015,FRHT BU TEMS,NLTRPPU7XF1000302
20-851,WHI,2015,CHEV EXPVAN,1GAZG1IFG7F1129295
20-853,BLU,2005,CHEV TK SILVERADO,2GCEKL3T651139802
20-856,GRY,2015,HOND SE CIVIC,2HGFB2F98FH504274
20-857,RED,2018,CHEV VOLT,1G1RC6S5XJU132406
20-857,RED,2018,CHEV VOLT,1G1RC6S5XJU132406
20-858,WHI,2019,SUBA CROSST,JF2GTABC7KH203816
20-859,WHI,2010,CHEV SILVER,1GCSKSE38AZ223529
20-860,GRY,2015,JEEP Grand Cherokee Limited,1C4RIFBG8FC605070
20-861,GRY,2017,TOYT TACOMA,STFSZ5AN7HX077859
20-861,WHI,2019,FORD ESCAPE,LEFMCUSGD5KUA83656
20-863,GRY,2016,TOYT SIENNA,STDJK3DC5GS135406
20-863,WHI,2015,JEEP U GCH,1C4RJFAG3FC660074
20-869,WHI,2012,DODG PK,
20-870,BLK,2012,SUBA IMPREZ,JFIGPAL66CG238050
20-870,BLK,2012,SUBA IMPREZ,JFIGPAL66CG238050
20-874,BLK,2019,HOND CRV,2HKRW6H37KH201830
20-874,BLK,2019,HOND CRV,2HKRW6H37KH201830
20-877,BLK,2013,TOYT HIGHLA,STDDK3EH3DS224345
20-887,2013,JEEP,PAT,1C4NUJRFB1DD249731
20-903,GRY,2010,NISS FRONTI,INGADOCW4AC443872
20-904,WHI,2018,HOND CRV,5706RW2H55JL020885
20-905,WHI,2018,VOLK ST GOLFAL,3VWM17AU20M755705
20-906,GRY,2018,CHEV 4D MALIBU,
20-912,BLU,2006,CHEV SE MALIBU,1G1ZS51FX6F288772
20-914,BLU,2013,DODG SE DART,1C3CDFBA6DD123251
20-914,BLU,2013,DODG SE DART,1C3CDFBA6DD123251
20-915,GRY,2009,TOYT TACOMA,5TENX22N49Z596488
20-926,BRO,2013,HOND SE CIVIC,LOXFB2F88DE270345
20-2254,RED,2013,MK TK 999,1M1ANO7YXDM014973
20-941,BLK,2018,JEEP WRANGL,1C4HIXDG6JW167820
20-954,BLK,2011,NISS XTERRA,SNLANONW9BC512288
20-961,WHI,2001,LEXS SE LS430,JTHBN30F610024609
20-963,BLU,2017,HOND FIT,3HGGK5H50HM708278
20-965,BLK,2018,CHEV 2D CAMARO,1G1FB1RS5J0151845
20-967,BLU,2011,HOND CRV,5J6RE4H33BL109952
20-969,BLK,2001,TOYT SE CAMRY,4T1BF28K61U115510
20-971,RED,2002,CHEV AVALAN,3GNEK13T72G218633
20-980,BLK,2003,FORD EXPLOR,1FM2ZU077E13UB48981
20-982,BLU,2009,HOND ODYSSE,5SFNRL38409B038110
20-1004,GRN,2019,JEEP COMPAS,3C4NJDCB5KT790814
20-1007,BLK,2017,2D Q60 VIN: JN1CV7EL9HM320368,JN1CV7EL9HM320368
20-1011,RED,2005,FORD SE FOCUS,1FAHP34N45W254083
20-1015,RED,2017,HOND HB,3HGGKSGS4HM705966
20-1015,RED,2017,HOND HB,3HGGKSGS4HM705966
20-1016,WHE,2020,GMC CANYON,IGTG6CEN3L1153666
20-1047,BRO,1999,TOYT SE CAMRY,JT2BG22K5X0310114
20-1057,GRY,2014,HOND CRV,5706RM4H51EL052028
20-1058,BLK,2005,TOYT RAV4,JTEGD20V656000739
20-1072,WHI,2018,DODG VN,
20-1099,BLK,2011,HOND CRV,JHLRE4H72BC034298
20-1099,BLK,2011,HOND CRV,JHLRE4H72BC034298
20-1100,BLU,2011,SUBA FOREST,JF2SHADC6BH749208
20-1105,RED,2011,FORD RANGER,LFTKRIAD6BPA24593
20-1108,GRN,2007,SUBA 4D LEGACY,4S4BP63C176304597
20-1108,WHI,2006,TOYT 4RUNNR,JTEBUi4R168068499
20-1108,2013,SUBA,OUTBACK.VST/UT. REGISTER,4S4BRCCC3D3324615
20-1118,GRY,2017,TOYT STENNA,5TDDZ3DC9HS169391
20-1119,GRY,2019,SUBA SE,
20-1120,GRN,2019,TOYT HIGHLA,STDJIZRFH1KS706082
20-1120,BLU,2017,CHEV PK,
20-1153,RED,2001,OLDS SE ALERO,
20-1154,BLU,2010,TOYT SIENNA,STDDK4CC7AS028689
20-1156,2003,TOYT,COROLLA MATRIX.VST/HB. WA ALY8313 VIN: 2T1KR32E93C032853 R,2T1KR32E93C032853
20-1157,BLK,2012,CHEV SE SONIC,iG1IJC5SH4C4125486
20-1159,GRY,2019,HOND SE CIVIC,19XFC2F83KE200858
20-1161,BRO,2007,TOYT TUNDRA,STFMV52157X004407
20-1185,VIN:,1TC4HIXFN9IJW145113,RED 2018 JEEP SW,1TC4HIXFN9IJW145113
20-1187,WHI,2019,JEBP U,
20-1191,GRY,2008,HOND ODYSSE,S5SFNRL38208B019246
20-1192,GRY,2010,TOYT SE COROLL,INXBU4EE0AZ202951
20-1196,GRY,2013,HOND SE CIVIC,19XFB2E57DE037550
20-1230,BLK,2013,HOND SE CIVIC,2HGFB2F55DH500533
20-1241,RED,2012,TOYT PRIUS,JTDKN3DU0C0335174
20-1242,GRY,2017,MITS OUTSPO,JA4AR3AU0HZ041484
20-1243,WHI,2009,FORD LGTCON,1FTPW14V39FA75214
20-1245,BLK,2011,NISS ROGUE,JNSASSMV7BW306229
20-1246,BLU,2016,GMC LL TERRAIN,2GKFLUE33G6214658
20-1249,WHI,2017,GMC SIERRA,1GTNILLEC2HZ905239
20-1271,BLU,1993,VOLV SE 240,YV1AS8801P1481425
20-1273,BLU,2017,FORD F250,1LFT7W2B65HEE67911
20-1283,BLK,2002,PONT CO GRANPX,1G2WR12182F133282
20-1291,BLU,2008,PONT SE G6,1G22G657B384292761
20-1292,GRN,2009,SUBA ST OUTBAC,4S4BP61C097346291
20-1294,GRY,2017,JEEP Cherokee Latitude,1C4
20-1294,GRY,2017,JEEP Cherokee Latitude,1C4
20-1295,GRY,2002,FORD RANGER,1FTZR45E02PB74606
20-1296,BLK,2014,FORD LL ESCAPE,LFMCU9G9XEUB37064
20-1297,WHI,2018,HOND CRV,S5SJ6RW2H943L008410
20-1238,BLK,2006,HYUN SE SONATA,5SNPEU46F76H007696
20-1300,GRY,2018,NISS U ROGUE,KNMAT2MV8dP588915
20-1301,GRY,2013,SUBA ST XVCROS,JF2GPAGC6D2898678
20-1303,BLK,2012,SUBA ST OUTBAC,4S4BRBUC5C3226665
20-1303,BLK,2012,SUBA ST OUTBAC,4S4BRBUC5C3226665
20-1304,BLK,2016,SUBA IMPREZ,JF1GPAA6XG8209217
20-1305,GRN,2017,HOND CRV,SJ6¢RW2H54HL026977
20-1306,WHI,2017,NISS Sk ALTIMA,1IN4AL3APXHC477978
20-1308,BLK,2019,FORD LL EDG,2FMPK4J98KBB90589
20-1309,VIN:,1HGCG5545WA053346,GRY 1998 HOND 4T,1HGCG5545WA053346
20-1309,VIN:,1HGCG5545WA053346,GRY 1998 HOND 4T,1HGCG5545WA053346
20-1337,BLK,2015,HYUN LL TCN,KM8JTCAF2FU103093
20-1338,WHI,2015,FORD VN ECONOLINE E350,LFDWE3FLOFDA09517
20-1345,RED,2010,NISS 4D SENTRA,3N1ABG6AP7AL694903
20-1350,GRY,2016,CHEV U,
20-1351,BLK,2004,JEEP WRG,134FA59SX4P771632
20-1351,BLK,2004,JEEP WRG,134FA59SX4P771632
20-1352,BLU,2007,TOYT FJCRUI,JTEBULIF470001552
20-1376,BLK,2015,FORD EDGE,2FMTK4AP1FBB58151
20-1381,GRY,2008,SUBA FOREST,JFiSG65698H729444
20-1389,BLK,2003,GMC SIERRA,IGTEK19T03E145498
20-1390,GRY,2007,SUBA ST LEGACY,4S3BP626677338643
20-1393,RED,2010,FORD ESCAPE,1FMCU9D73AKD30097
20-1395,GRY,2008,SAA ST 95,YS3ED55G583511672
20-15-AC,GRY,2010,SUBA FOREST,JF2SH6DC6AH764240
"20-1404""",BRO,2018,CHEV SUBURB,1GNSKHKC7JR190196
20-1429,GRY,2015,FORD SE FUSION,3FA6POLUXFR202041
20-1443,RED,2008,MERC MNR,4M2CUS91148KJ51799
20-1443,RED,2008,MERC MNR,4M2CUS91148KJ51799
20-1445,BLU,2011,BMW 328,WBAUU3C53BA542007
20-1447,GRY,2011,NISS ROGUE,JN8ASSMV3BW261189
20-1448,RED,2005,TOYT TK TUNDRA,STBET34135S8488469
20-1449,GRY,2019,TACOMA,3TMCZ5AN8KM237099
20-1449,GRY,2019,TACOMA,3TMCZ5AN8KM237099
20-1451,GRY,2015,ACUR Rdx Technology,5J8TB4H53FL010092
20-1452,RED,2006,BUIC SHE LUCERN,1G4HD57296U250894
20-1456.,SIL,2016,SUBA SW FORESTER,JF2SJAHC2GH402335
20-1469,GRY,2006,SUBA ST FOREST,JF1iSG63646H718755
20-1474,BRO,2016,MAZD CX5,JM3KE2CY7G0713972
20-1476,GRN,2006,STRN VUE,5GZC263416S820085
20-1480,BLK,1994,BMW CO 3251S,WBABF3320REF47565
20-1485,BLU,2015,TOYT 2D TACOMA,STFLUAENSFX127732
20-1489,GRY,2006,PONT CO G6,1G62ZH368664272895
20-1491,GRY,2018,VOLK SE JETTA,3VW2B7AJ2J0M235899
20-1494,WHI,2008,DODG VN SPRINTER,WDOPE845285292728
20-1495,WHI,2009,CHEV SILVER,2GCEK29J691125366
20-1497,WHI,2019,NISS ROGUE,KNMAT2MV1KP510848
20-1498,BLU,2008,CHEV LL SUBURBAN,1GNFK16328R253122
20-1515,GRY,2011,TOYT SE CAMRY,4T1BF3EKXBU125422
20-1517,GRY,2003,SUBA FOREST,JF18SG63633H751653
20-1521,BLU,2016,HOND CRV,5J6RM4H7XGL070998
20-1526,BLK,2020,FORD LL,1FMSK8DHS5LGB30977
20-1529,GRY,2000,TOYT SE AVALON,4T1BF28B3¥U079026
20-1532.,GRN,2005,HYUN ACCENT,KMHCG35C55U330158
20-1546,WHI,2017,VOLV ST XC90,YV4A22PL8H1176517
20-1546,WHI,2017,VOLV ST XC90,YV4A22PL8H1176517
20-1547,GRY,2018,FORD EXOSPO,MAJ6P1UL93C240962
20-1554,BRO,2006,HYUN SE ELANTR,KMHDN46D16U341635
20-1578,BLK,2020,TOYT SE COROLLA,JTDEPRAE2LJ0684392
20-1579,VIN:,GRY,2017 NISS SE ALTIMA,GRY
20-1580,SIL,2019,TOYT 4D CORROLA,SYFBURHE8KP909923
20-2071,BLK,2007,HOND SE ACCORD,1HGCM55377A164224
20-2073,RED,2003,FORD CO ESCORT,3FAFP11383R150887
20-2073,RED,2003,FORD CO ESCORT,3FAFP11383R150887
20-2077,BLU,2013,DODG 4D,2C3CDXBG8DH555112
20-2079,GRY,2003,HOND CRV,SHSRD78823U151435
20-2080,WHI,1996,VOLV SE 850,YV1LS5544T1273516
20-2082,GRY/BLK,2004,NISS XTERRA,5N1ED28T64C687229
20-2082,GRY,2019,TOYT SE COROLL,2TIBURHE4KC227945
20-2082,BLK,2019,TR UTILIT,S8CB1DB23KC005072
20-2082,GRY/BLK,2004,NISS XTERRA,5N1ED28T64C687229
20-2082,GRY,2019,TOYT SE COROLL,2TIBURHE4KC227945
20-2082,BLK,2019,TR UTILIT,S8CB1DB23KC005072
20-1609,GRY,2012,FORD ESCAPE,LFMCU9D79CKB98076
20-1616,GRY,2018,HOND SE CIVIC,2HGFC2F703H536365
20-1616,GRY,2018,HOND SE CIVIC,2HGFC2F703H536365
20-1622,BLK,2015,BMW ST X1,WBAVLICSOFVY25765
20-1630.,VIN:,1GKKNULS3J2180820,WHI 2018 GMC ACADIA,1GKKNULS3J2180820
20-1630.,VIN:,1GKKNULS3J2180820,WHI 2018 GMC ACADIA,1GKKNULS3J2180820
20-1631,GRY,2011,AUDI SE A4,WAUFFBFL9BN045513
"20-1632,",GRY,2014,TOYT PK TUNDRA,5TFBY5F16EX396576
20-1671,WHI,2002,FORD TR F250,1FTNW21F52EB49707
20-1674,GRY,2014,CHEV EQUINO,2GNFLEEK6E6367676
20-1676,WHI,2014,HOND 2D CIVIC,2HGFG3B50EH515505
20-1679,BLK,2009,TOYT SE CAMRY,4T1BE46K89U306018
20-1680,WHI,2011,HOND ACCORD,S5J6TF2H58BL006325
20-1685,WHI,2019,PROMAS,3C6TRVCGXKE546525
20-1686,RED,2006,TOYT SIENNA,5STDZA23C16S482005
20-1689,GRY,2012,SUBA ST OUTBAC,4S4BRBAC7C3269968
20-1708,VIN:,1FM5K8D88DGA02845,BLU 2013 FORD U EXPLORER,1FM5K8D88DGA02845
20-1710.,GRY,2005,SUBA LEGACY,4S4BP61C357316762
20-1711,GRY,2012,SUBA ST OUTBAC,4S4BRBAC7C3269968
20-1714,,,,
20-1714,BLK,2019,MITS LL OUTLANDER,JA4AZ3A36KZ045506
20-1715,BLK,2009,FORD ESCAPE,1FMCU93G09KC30732
20-1717,GRY,2018,HOND ODYSSE,SFNRL6H24JB054363
20-1717,GRY,2018,HOND ODYSSE,SFNRL6H24JB054363
20-1720,GRY,2004,HOND CRV,SHSRD78584U225822
20-1721,BLU,2016,CHEV PK SILVERADO,AIGCVKREC3GZ36
20-1736,GRY,2012,BMW X6,SUXFG8C54CL2Z97307
20-1737,BLU,2016,TOYT TUNDRA,S5STFUMSF1L7GX069045
20-1738,GRY,2009,TOYT SE MATRIX,2T1ILE40E69C008902
20-1744,BRO,2015,MAZD 3.,3MZ2BM1L78FM190712
20-1748,GRN,2010,TOYT SH COROLL,JTDBU4EE8A9104662
20-1755,BLU,2006,DODG RAMTRU,3D7KS19D46G221996
20-1772,WHI,2008,SUZI SE Sx4,JS2¥C412785105785
20-1785,GRY,2007,FORD SE FOCUS,1FAHP34N07W353664
20-1792,GRY,2020,HYUN 4D,SNPD84LF2LH555895
20-1807.,GRY,2000,JEEP GRACHE,174GW58N5YC310921
20-1807.,WHI,2018,CHEV SILVER,3GCUKREC1JIG619805
20-1809,RED,2009,VOLK ROUTAN,2V8HW34199R541285
20-1814,WHI,2004,FORD CO MUSTAN,1FAFP40444F114768
20-1810,RED,1985,FORD TR TL9,LPDYA92X9FVA12296
20-1810,WHI,2011,JEEP U PATRIOT,1J4NF2GB9BD276707
20-1815,RED,1948,CHEV FIRE,2RUF1614
20-1824,GRY,2019,SUBA ASCENT,4S4WMAFDXK3489583
20-1826,BLK,2018,HOND LL CRV,2HKRW2H81JH619397
20-1828,BRO,2016,TOYT HIGHLA,STDDKRFH2GS347379
20-1830,RED,2011,SUBA ST FOREST,JFP2SHADCXBH737045
20-1831,BLU,2003,TOYT HIGHL,JTEHD21A930025084
20-1857,2014,VOLK,4D JET,3VWD1L7AJXEM439187
20-1857,located,in,,
20-1868.,RED,2017,VOLK SE JETTA,3VW167AJ2HM261039
20-1870,WHI,2016,NISS NVCARG,IN6BFOKY1GN814792
20-1895,BLU,1994,DODG RAM250,IB7KF26C2RS558275
20-1898,SIL,2006,HYUN ACCENT,KMHCN46C26U005138
20-1900,SIL,2002,FORD U,
20-1901,GRN,1997,DODG RAMTRU,1B7HF16Y0VS243503
20-1904,RED,2017,FORD F150,LFTFXLEFLHFB97407
20-1904,RED,2017,FORD F150,LFTFXLEFLHFB97407
20-1905,BRO,2003,FORD F250,1FTNW21P53EC76404
20-1908.,BRO,2010,TOYT SE COROLL,LNXBU4EE5AZ23
20-1909,BLK,2002,DODG DURANG,1B4HS48NX2F180184
20-1912,BRO,2012,HOND ODYSSE,SFNRL5H64CB051625
20-1914,GRY,2013,HYUN 4D ELANTRA,SNPDH4AE5DH222652
20-1921,BLK,2014,HOND CRV,5SJ6RM4H30EL050530
20-1922,BRO,2005,TOYT SE COROLL,2T1BR32E15C444820
20-1923,GRY,2015,TOYT SE COROLL,2T1IBURHE8FC466436
20-1923,GRY,2015,TOYT SE COROLL,2T1IBURHE8FC466436
20-1924,GRY,2013,FORD EDGE,2FMDK4GC7DBE22639
20-1929,GRN,2010,HYUN SANTAF,SNMSKDAG2AH371071
20-1932,BLU,2019,TOYT HIGHLA,5STDJIZRFH8KS721937
20-1947,RED,2013,CHEV EXPRES,1GCWGFCAiD1165889
20-1948,RED,2007,GMC CANYON,1GTCS149XK78238827
20-1952,BLU,2007,FORD SE FUSION,3FAHP08127R119521
20-1953,GRY,2016,2500,3C6LR5AT4GG187667
20-1965,SIL,2003,HOND 4D ODY,SFNRL18603B090852
20-1969,BLK,2007,NISS PK FRONTIER,1N6AD06W97C445721
20-1972,GRY,2017,JEEP CHEROK,1C4PUJMCB6HW565216
20-1985,BLK,2010,CHEV 4D MALIBU,1G1ZE5EBSAF235856
20-1985,RED,2018,DODG TK RAM,3C6UR5CL0JG326573
20-1998,BLK,2012,FORD EXPLOR,1FMHK8D86CGA48816
20-1998,BLK,2012,FORD EXPLOR,1FMHK8D86CGA48816
20-1999,BLK,2005,HOND SE CIVIC,2HGES16375H526542
20-2000,BLK,2016,FORD F150,1IFTMFIEF8GFC95553
20-2013,GRY,2016,CHEV EQUINO,2GNFLFEK5G6108427
20-2017,GRY,2008,TOYT PRIUS,JTDKB20U883336880
20-2021,BLK,2010,NISS ROGUE,JNSAS5MV7AW122861
20-2026.,BRO,2012,HOND SE CIVIC,2HGFB2F87CH514944
20-2028,BLK,2015,LINC MKC,SLMTO2ZAH2FUJ01223
20-2029,GRY,2017,DODG RAM150,1C6RR7MT8HS771260
20-2030,GRY,2013,TOYT SE PRIUS,JTDKN3DU2D0350941
20-2031,BLK,2007,CHEV COLORA,1GCDT19E478249202
20-2031,GRN,2014,GMC SAVANA,1GJZ7ZFG1E1113610
20-2031,BLK,2007,CHEV COLORA,1GCDT19E478249202
20-2031,GRN,2014,GMC SAVANA,1GJZ7ZFG1E1113610
20-2035,BRO,2015,HOND SE CIVIC,LOXFB2F51FE234506
20-2035,GRY,2018,SUBA VIN: JF2GTAMC208327567 CROSST,JF2GTAMC208327567
20-2044,WHI,2019,HOND 4D CLY,JHMZC5F34KC000211
20-2045,2018,FORD,TK F15,LFTFWLRG4JFA40840
20-2049,2010,BMW,4D X5,SUXFFOCS52ALT75936
20-2050,BLK,2005,VOLK ST JETTA,WVWSL61055W001501
20-2051,BLU,2011,NISS SE,
20-2106,GRN,2001,FORD RANGER,1FTZR1I5EX1TA43462
20-2107,WHI,2018,SUBA FOREST,JF2SJABC6JH596898
20-2110,GRY,2002,HOND SE CIVIC,2HGES16532H517365
20-2111,RED,2018,TOYT RAV4,JTMBFREV3JD224549
20-2112.,GRY,2013,TOYT PRIUS,JTDKDTB31Di049195
20-2113,WHI,2006,FORD LGTCON,1FTPK145X6NB22513
20-2113,WHI,2006,FORD LGTCON,1FTPK145X6NB22513
20-2115,BLK,2015,CHEV TK SILVERADO,3GCUKTEC8FG394674
20-2120.,BRO,2013,SUBA SW OUTBACK,4S4BRBKC7D3247078
20-2120.,BRO,2013,SUBA SW OUTBACK,4S4BRBKC7D3247078
20-2123,BLK,2019,FORD 4D ESCAPE,1FMCU9790KUB30872
20-2124.,GRY,2007,TOYT 4D COROLLA,JTDBR32EX70117894
20-2127,cay,2008,TOYT 4D HIGHLANDER,JTEES41A882102561
20-2132,BLK,2008,AUDI A4,WAUDF78EC08A140626
20-2134,BRO,2012,TOYT RAV4UT,2T3BF4DV6CW265803
20-2136,BLK,2018,HOND SE CIVIC,2HGFC2F56JH554044
20-2136,BLK,2018,HOND SE CIVIC,2HGFC2F56JH554044
20-2157,BLU,1999,DODG RAM150,3B7HF12Y¥7XG208604
20-2158,RED,2019,KIA U SOR,SXYPGDA33KG569755
20-2159,BLK,2005,TOYT RAV4,JTEGD20V656000739
20-2161,SIL,2019,FORD 4D,3FADP4B74KM123848
20-2165,STE,aS,on EP ATES ANE GRY 2020 HYUN 4D ELANTRA,SNPD84LF7LH510533
20-2165,BLU,2011,NISS 4D SENTRA,3N1AB6AP9BLE15264
20-2182,GRY,2000,HOND ODYSSE,2HKRL1855YH555173
20-2182,GRY,2000,HOND ODYSSE,2HKRL1855YH555173
20-2184,GRY,2005,JEEP LIBERT,1J4GL3
20-2186,WHI,2018,HOND SE CIVIC,1L9XFC2F57JE204190
20-2186,WHI,2018,HOND SE CIVIC,1L9XFC2F57JE204190
20-2187,GRY,2019,VOLK XC6é,LYVA22RL9KB288436
20-2191,GRY,2012,MAZD SE 3,JM1BL1UGXC1553167
20-2191,GRY,2012,MAZD SE 3,JM1BL1UGXC1553167
20-2192,BLU,2016,JEEP COMPAS,1C4NJDEB1GD587445
20-2193,GRN,2015,SUBA OUTBAC,4S4BSACCXF3322551
20-2195,GRN,2008,MERZ LL GL4,4JGBF71E88A336748
20-2199,RED,2019,VOLK ST GOLFAL,3VWM17AUXKM510779
20-2200,GRY,2018,VOLK SW ATLAS,1V2MR2CA2J3C502403
20-2220,BLK,2008,DODG TK,1D7HU18N78J145612
20-2226,GRY,2012,TOYT HIGHLA,STDBK3EH7CS103243
20-2226,GRY,2012,TOYT HIGHLA,STDBK3EH7CS103243
20-2232,BLK,2006,CHEV U HHR,3GNDA23P96S627324
20-2234,WHI,2015,FORD ESCAPE,1FMCU9GXOFUC52711
20-2235,BLU,2019,VOLK U TIGUAN,3VV4B7AX2KM057608
20-2236,WHI,2015,CHEV EQUINO,2GNALLEK9F1147980
20-2237,BLU,2016,LEXS SE IS,JTHCE1D2465011322
20-2240,BLK,2018,FORD HB,
20-2243,GRY,2008,LL OUT,5GZEV33788J184755
20-2244,WHI,2019,SUBA SW,JF2GTAACOK8392701
20-2248,GRY,2003,HYUN SANTFE,KM8SB12B73U481557
20-2253,BLK,2018,SUBA OUTBAC,4S4BSAAC7J3328352
20-2263,BLK,2015,AUDI Q7,WALLGAFEXFD028126
20-2264,GRY,2012,HYUN Santa FE GLS,5XYZGDAB3CG104569
20-2266,VIN:,JN8AZ1MWOBW171480,RED 2011 NISS MURANO,JN8AZ1MWOBW171480
20-2279,RED,2006,LL SEDONA,KNDMB233066028707
20-2284,BLK,2013,FORD EDGE,2FMDK4KC7DBC79974
20-2284,BLK,2013,FORD EDGE,2FMDK4KC7DBC79974
20-2285,GRY,2018,HOND PILOT,5SFNYF6H84JB025047
20-2287,GRN,2012,JEEP LL WRANGLER,1C4HJWEG6CL111034
20-2290,WHI,2018,FORD TRANSIT CONNECT,NMOLS7E70J1378821
20-2290,WHI,2018,FORD TRANSIT CONNECT,NMOLS7E70J1378821
20-2293,BLU,2017,SUBA ST OUTBAC,4S4BSAFCOH3236549
20-2316,WHI,2020,VOLK Li,3VV2B7AX4LM039541
20-2317,BLU,2018,SUBA FOREST,JF2SJAJCOJH494773
20-2317,BLU,2018,SUBA FOREST,JF2SJAJCOJH494773
20-2321,GRN,2019,VOLK TIGUAN,
20-2322.,BLK,2016,JEEP COMPAS,1C4NJDEB9GD766767
20-2324,BLK,2016,HOND CR-V,5736RM4H98GL116250
20-2324,BRO,2002,PONT SE GRAPRI,1G2WP52K12F224321
20-2326,VIN:,3VWBP7AJ9DM238580,WHI 2013 VOLK Jetta Se,3VWBP7AJ9DM238580
20-2327,BLK,2009,BMW SE 335XI,WBAPL335X9A515428
20-2347,BLK,2012,HOND 4D ACCORD,1HGCP2F89CA100731
20-2348,WHI,2018,SUBA FOREST,JF2SJAWCOJH539297
20-2356,BLU,2012,NISS 4D Altima 2.5/2.5 S,LN4AL2ZAP6CN466693
20-2356,2017,407,,
20-2380,2013,AUDI,,WAUHGAFC6DN104584
20-2380,2013,AUDI,,WAUHGAFC6DN104584
20-2383,VIN:,1IN4BL4EW3KC137218,WHI 2019 NISS SE ALTIMA,1IN4BL4EW3KC137218
20-2384,BRO,2006,SUBA ST LEGACY,4S4BP67C166308660
20-2385,3N1AB7AP0DL714144,GRY,2013 NISS SE SENTRA,
20-2389,BLK,2017,JEEP LL PAT,1C4NURFB2HD170820
20-2390,BLK,2012,VOLK GOLF,WVWDB7AU4CW354424
20-2395,GRY,2011,HOND SH ACCORD,1HGCP2F60BA092094
20-2397,GRY,2014,TOYT LL SIENNA,5TDDK3DC9ES078069
20-2405,GRY,2019,BMW X3,5UXTRICS2KLD92447
20-2405,GRY,2019,BMW X3,5UXTRICS2KLD92447
20-2438.,WHI,2001,TOYT SE COROLL,1NXBR12E412Z440600
20-2439:,BLK,2018,FORD,LFADP3F233L252709
20-2442,BLK,2020,MAZD ST CX-30 VIN: 3MVDMBCL3LM105297,3MVDMBCL3LM105297
20-2444,WHI,2017,CHEV EXPG25,1GCWGAFFXH1130123
20-2454,BRO,2013,FORD EDGE,2FMDK4KC8DBC13661
20-2457,GRY,2009,LEXS SE ES,JTHBJ46G6892310592
20-2469,BLU,2017,JEEP GRANDC,1C4RUJFBG2HC807874
20-2469,BLU,2017,JEEP GRANDC,1C4RUJFBG2HC807874
20-2479.,VIN:,1GTV2UECXFZ184846,GRY 2015 GMC SIERRA,1GTV2UECXFZ184846
20-2483,BLU,2018,SUBA ST OUTBAC,4S4BSATCKJ3368079
20-2489,BLU,2006,SUBA FOREST,JF1SG67616H745888
20-2489,BLU,2006,SUBA FOREST,JF1SG67616H745888
20-2503,WHI,2012,INTL TK 400SER,1LHTMKAAN8CH149244
20-2506,BLK,2019,JEEP CHEROK,1C4PJMDN9KD117497
20-2520:,GRN,2008,TOYT RAVNEW,JTMBD31V585144456
20-2521,Arvd-14:18:39,Clrd-14:24:00,GRY 2017 SUBA ST OUTBAC,454BSACC1H3413307
20-2528,,,,
20-2537,GRY,2017,TOYT TACOMA,3TMDZ5BN1HM028850
20-2543,GRY,2002,TOYT PK TUNDRA,STBBT44192S241963
20-2546,BLK,2002,TOYT SEQUOT,5TDZT34A228135757
20-2555,BLK,2016,CHEV SILVER,3GCUKREC5GG196672
20-2556,BLK,2014,HOND CRV,2HKRM4HS1EH702020
20-2556,BLK,2014,HOND CRV,2HKRM4HS1EH702020
20-2578,BLK,2014,TOYT SIENNA,STDKK3DC6ES511905
20-2579,GRY,2019,SUBA CROSST,JF2GTANCOKH296755
20-2581,BLU,2007,TOYT YARIS,JTDIT923175123682
20-2581,,,,
20-2586,RED,2008,DODG DURANG,1D8HB48N48F133049
20-2587,WHE,2004,TOYT SE CAMRY,JTDBE32K940256377
20-2592,BLK,2016,NISS TITAN,1IN6BALF41GN512740
20-2593,GRY,2015,HYUN SE ELANTR,KMHDH4AE3FU420750
20-2594,GRY,2016,SUBA IMPREZ,JFIGPAU61G8248600
20-2618,GRY,2006,BMW SE 750LI,WBAHN83536DT30157
20-2624,RED,2006,TOYT SIENNA,5TDZA23C86S563759
20-2624,RED,2006,TOYT SIENNA,5TDZA23C86S563759
20-2625,BLU,2010,SUBA SE LEGACY,4S3BMBA62A3233972
20-2632,WHI,2018,HOND CRV,5J6RW2H55JL020885
20-2634,WHI,2013,FORD FLEX,2FMHK6C85DBD30119
20-2655,BLU,2011,TOYT VENZA,4T3BA3BBXBU027016
20-2659,GRY,2005,GMC SIERRA,IGTEK14X352184348
20-2692,GRY,2011,HYUN SE ELANTR,SNPDH4AB8BHO76292
20-2694,2019,NISS,ALTIMA,1N4BL4BV6KC225188
20-2698,GRY,2012,HOND 4D ACCORD,l1HGCP2F36CA178064
20-2698,GRY,2012,HOND 4D ACCORD,l1HGCP2F36CA178064
20-2700,GRY,2005,MERZ SE E320,WDBUF82J85X170320
20-2704:,BLU,2011,BMW 328,WBAUU3C53BA542007
20-2707,PLE,2007,FORD EXPLOR,1FMEU74E17UA42054
20-2719,GRN,2008,TOYT HIGHLA,JTEEW44A782000166
20-2727,GRN,2012,HOND CRV,2HKRM4H35CH603678
20-2738,BRO,2013,FORD EDGE,2FMDK4KC8DBC13661
20-2745,RED,2014,VOLK 4D JETTA,3VWD17AG2EM409570
20-2747,WHI,2019,HOND LL HRV,3CZRU6H55KM718975
20-2750,GRY,1992,FORD VN ECONOLINE E250,1FDHS24H4NHAS0347
20-2766,GRY,2002,FORD RANGER,1FTZR45E02PB74606
20-2773,GRN,2010,TOYT SIENNA,STDOK4CC1AS032675
20-2781,RED,2015,JEEP PATRIO,1C4NJRFBOFD348141
20-2788.,GRY,2012,GMC SIERRA,1GTR2VE73C2Z332504
20-2788.,GRY,2012,GMC SIERRA,1GTR2VE73C2Z332504
20-2792,WHI,2020,TOYT COROLLA,JTND4RBE1L3079227
20-2796,BLU,2004,TOYT SE CAMRY,4T1IBF32K04U584448
20-2797,PC,MA,6MDG30 VIN: LC4PIMCS3GW141877 WHI 2016 JEEP CHEROK,LC4PIMCS3GW141877
20-2811,RED,1994,PONT CO SUNBIR,1G62JB34H1R7579637
20-2817,GRN,2010,HOND ODYSSE,S5SFNRL3H46AB079734
20-2817,GRN,2010,HOND ODYSSE,S5SFNRL3H46AB079734
20-2820,GRY,2007,TOYT TACOMA,5TELU42N67Z417960
20-2828,BRO,2011,KIA SOUL,KNDJT2A21B7253233
20-2832,BLK,2008,AUDI SE A6é,WAUDH74F78N164116
20-2834,GRN,2002,CHEV AVALANCHE,3GNEK13T32G6167504
20-2840,SIL,2019,FORD,3FADP4B39KM107144
20-2845,BLK,2017,NISS ROGUE,KNMAT2MV2HP538618
20-2845,BLK,2017,NISS ROGUE,KNMAT2MV2HP538618
20-2854,RED,2009,HOND ST ODYSSE,5FNRL38989B019879
20-2857,GRY,2010,TOYT TACOMA,STEUU4EN6AZ681526
20-2858,GRY,2018,SUBA HB CROSST,JF2GTABCOJH316103
20-2859,GRY,2015,SUBA OUTBACK,4S4BSAJC1F3270245
20-2885,BLK,2019,HOND PILOT,5
20-2893,GRY,2006,MAZD SE 3,JM1BKi2G861508612
20-2894,BRO,2006,CHRY PACIFI,2A4GM68496R814086
20-2895,BLK,2009,VOLK SE JETTA,3VWRZ71KX9M014548
20-2896,GRY,2005,NISS SE ALTIMA,1N4AL11D55N469295
20-2897:,WHI,2010,FORD SE FUSION,3FADP0L32AR295337
20-2897:,WHI,2010,FORD SE FUSION,3FADP0L32AR295337
20-2903,BLU,2012,CHEV SILVER,1GCRKSE7XCZ127292
20-2905,BLK,2004,HOND SE ACC,1HGCM56364A112223
20-2908,,,,
20-2909,BLK,2008,SUBA ST OUTBAC,4S4BP62C587327930
20-2914,BLK,2018,FORD,1FADP3F23JL252709
20-2922,2015,TOYT,HIG,5STDJIKRFH3FS203938
20-2942,BLU,2013,BMW SE SSERI,WBAFU7CS7DDU68687
20-2943,HYUN,4D,ELANTRA,
20-2944,GRY,2011,TOYT LL SIENNA,S5TDYK3DC7BS159486
20-2946:,RED,2007,JEEP WRANGL,104GA39147L144162
20-2963,GRY,2019,CHEV PK SILVERADO,3GCUYHED6KG232590
20-2966,BLK,2020,NISS ROGUE,JNSAT2MV4LW117762
20-2967,GRN,2018,HOND RIDGEL,SFPYK3F533B015717
20-2969,GRY,2018,KIA SPORTA,KNDPM3ACKJ7392720
20-2971,GRY,2005,DODG RAM250,3D7KS28C45G721878
20-2993,BLK,2008,SUBA SE IMPREZ,JF1GE61698H525468
20-2998,GRY,2012,JEEP U GRAND CHEROKEE,LC4RIFCT1CC246670
20-3000:,WHI,2019,FORD TK F350,1FT8W3DT8KEC31743
20-3005,BLK,2009,TOYT YARIS,JTDJT903X95251926
20-3006,BLU,2020,NISS SW MUR,
20-3024,GRY,2006,NISS TITAN,INGAAO6BX6N518989
20-3033,VOLK,SE,JETTA,3VWB67AJ6HM229473
20-3035,BLU,2013,HOND SE CIVIC,2HGFB2F84DH512070
20-3039,BLK,2018,4D G90,KMHG34JA5J0U0383947
20-3040.,GRN,2010,FORD ESCAPE,1FMCU5K32AKB77124
20-3041,RED,2018,CHEV Traverse Lt,IGNEVGKW733184597
20-3050,WHI,2016,KIA SE OPTIMA,5XXGU4L31GG044808
20-3050,WHI,2016,KIA SE OPTIMA,5XXGU4L31GG044808
20-3051,BLK,2016,HOND U,
20-3054,GRY,2013,SUBA ST OUTBAC,4S4BRDPC7D2226399
20-3058,WHI,2017,DODG GRACAR,2C4RDGBG9HR574788
20-3059,BLU,2016,MAZD CXS,JM3KE4BY8G0745522
20-3076,GRY,2017,VOLK 4D PASSAT,iIVWBT7A3XHC014321
20-3078,BLU,2005,2T2HA31U35C070877 LEXS RX,
20-3083,GRY,2007,HYUN TUCSON,KM8JM12B77U650293
20-3085:,RED,2015,SUBA XVCROS,JF2GPACC9F8256025
20-3093,GRY,2018,HYUN ELANGT,KMHH35LE0JU025162
20-3099,BLU,2019,HOND PILOT,SFNYF6HS9KB057242
20-3104,RED,2011,HOND U,
20-3105,BLU,2014,SUBA SE IMPREZ,JFIGJAA69EGO18487
20-3106,YEL,2006,TOYT SE PRIUS,JTDKB20U967523406
20-3113,GRY,2013,TOYT 4RUNNE,JTEBU5JR7D5131227
20-3116,GRY,2017,TOYT STENNA,5STDDZ3DC9HS169391
20-3118,BLU,2007,SUZI ST SX4,JS2YB417675102339
20-3118,GRY,2010,AUDI SE A&4,WAUDPAFL7AN053030
20-3130,GRN,2016,SUBA SE IMPREZ,JF1GJAA61GH009327
20-3134,GRY,2010,CHEV SILVER,IGCSKSE39AZ153409
20-3136,BRO,2004,MERC SE MARQUI,2MEFM74WX4X600603
20-3137,GRY,2012,TOYT SIENNA,STDIK3DCXCS039829
20-3138,WHI,2016,HYUN SE ELANGT,KMHD35LH1GU28
20-3139.,BLK,2005,SUBA ST LEGACY,4S4BP62C857324094
20-3143.,BLK,2019,CHRY 4D 300,2C3CCABG8KH648046
20-3196,GRY,2004,VOLV SE S80,YV1TH59H741366379
20-3197,WHI,2011,FORD U,
20-3230,1FMZU73W35UB66531,SIL,2005 FORD U EXPLORER,Towed
20-3232,BRO,2007,TOYT TK TACOMA,5THUU42N77Z464032
20-3237.,1FADP3F230L252709,BLK,2018 FORD,
20-3237.,1FADP3F230L252709,BLK,2018 FORD,
20-3263,WHI,2013,BUIC SE VERANO,1G4PP5SK3D4258092
20-3302,BLK,2017,HYUN SE ACCENT,KMHCT4AE0HU380768
20-3313,GRY,2019,SUBA SE LEGACY,4S3BNEN67K3030232
20-3318,GRY,2008,LEXS RX350,2T2HK31U38C090709
20-3323.,BLK,2015,TOYT HIGHLA,STDBKRFH3FS207721
20-3334,GRY,2013,SUBA ST OUTBAC,4S4BRBKC9D3324713
20-3343,2014,HOND,CRV,5J6RM4H33EL084770
20-3343,2014,HOND,CRV,5J6RM4H33EL084770
20-3345,3NLAB6AP7AL6,94903,RED 2010 NISS 4D SENTRA,
20-3386,WHI,1996,JEEP U GRAND CHEROKEE,174G62Z258S4TC248417
20-3386,WHI,1996,JEEP U GRAND CHEROKEE,174G62Z258S4TC248417
20-3390,RED,2004,CHEV 4D AVO,KL1TJ62614B170738
20-3453,WHI,2010,SUBA SE LEGACY,4S3BMBG64A3247217
20-3453,WHI,2010,SUBA SE LEGACY,4S3BMBG64A3247217
20-3495,GRY,2012,CHRY TOWN,2C4RC1ICGXCRi43769
20-3495,GRY,2012,CHRY TOWN,2C4RC1ICGXCRi43769
20-3498,RED,2006,MINI 2H COOPER,WMWRE33566TL18890
20-3501,WHI,2017,FRHT TR CA1L13D,IFUJGBDV7JUL7002174
20-3505,1GTDT196058223363,GRY,2005 GMC CANYON,
20-3534,GRY,2006,NISS XTERRA,5N1ANO8W16C542094
20-3534,BLK,2017,HOND LL CRV,2HKRW6H37HH209340
20-3555,GRY,2014,HYUN SE ELANTR,KMHDH4AE3EU100066
20-3600,WHI,2014,GMC TERRAIT,2GKFLYE39E6373785
20-3619,WHI,2009,TOYT SE CAMRY,4TIBK46KX9U588347
20-3634,GRY,2011,TOYT SE COROLL,2TiBU4EE6BC741450
20-3644,RED,2009,MERZ SE,WDDGF81X09F246179
20-3663,BLK,2017,TOYT TACOMA,3TMCZ5ANOHM066860
20-3738,RED,2015,SUBA FOREST,JF2SJADC7PG423577
20-3743,WHI,2009,TOYT CORMAT,2T1KU40E59C019971
20-3784,BLK,2012,HOND SE ACCORD,LHGCP2F7XCA007451
20-3787,BLK,2017,CHEV SE CRUZE,1G1BE5SM1H7130615
20-3787,BLK,2017,CHEV SE CRUZE,1G1BE5SM1H7130615
20-3801,BLK,2008,GMC SIERRA,2GTEK13MX81140304
20-3801,BLK,2008,GMC SIERRA,2GTEK13MX81140304
20-3820,GRN,2001,JEEP CHEROK,1J4FF48S91L572622
20-3851,RED,2015,SUBA FOREST,JF2SCADC7FG423577
20-3867:,GRY,2010,HOND ODYSSE,5FNRL3H64AB087591
20-3894,BRO,2006,TOYT SE COROLL,2TLBR32E36C663943
20-3894,WHI,2014,CHEV SE CRUZE,1G1PA5SG2E7271071
20-3897,BLU,2012,JEEP GRANDC,1C4RJFAGOCC298832
20-3897,BLK,2017,TOYT TACOMA,3TMCZ5ANOHM066860
20-3947,BLU,2019,5NPD74LFXKH460275 HYUN SE ELANTR,
20-3947,BLK,2012,HYUN 4D ELANTRA,KMHDH4AE1CU183056
20-3948,GRY,2011,TOYT SE COROLL,2T1LBU4EE1BC734793
20-3976,GRY,2008,VOLK RABBIT,WVWBA7LK88W156696
20-3976,GRY,2008,VOLK RABBIT,WVWBA7LK88W156696
20-3988,RED,2016,FORD ESCAPE,1FMCU9GX9GUB42578
20-3991,BLK,2014,FORD EDGE,2FMDK4.JC4EBB40503
20-3999,BLK,2012,TOYT RAV4UT,JYTMRK4DV7C5107102
20-4012,GRY,2019,FORD U ESCAPE,1LFMCU9G94KUBL2138
20-4055,BRO,2011,HOND PILOT,SFNYF4H64BB087374
20-4055,GRY,2013,HOND SE CIVIC,
20-4064,WHI,2007,TOYT RAV4,JTMZD33V875051585
20-4064,WHI,2007,TOYT RAV4,JTMZD33V875051585
20-4089,,,,
20-4090,Arvd-21:57:53,Clrd-21:58:20,BLK 2006 DODG SE CHARGE,2B3KA43G16H233350
20-4090,Arvd-21:57:53,Clrd-21:58:20,BLK 2006 DODG SE CHARGE,2B3KA43G16H233350
20-4107,WHI,2014,MERZ TRAVEL,WD3PF4CD6D5814031
20-4121,WHI,2012,CHEV SE MALIBU,1G1ZC5E0SCF289391
20-4125,YEL,1999,DODG SE INTREP,2B3HD46R3XH719013
20-4140,GRY,2007,HOND NPS50Q,JH2AF58427K300006
20-4156,PC,MA,4F2Z936 VIN: JHLRD1871YC050907 GRY 2000 HOND CRV,JHLRD1871YC050907
20-4160:,2019,HD,Fihxs,1HDLKRP1XKB670078
20-4162,VIN:,SY2S5L628042420753,RED 2004 PONT VIBE,SY2S5L628042420753
20-4180:,WHI,2015,CHEV SE MALIBU,1611B5SL3FU150326
20-4180:,WHI,2011,CHEV TRAVER,1GNKVGED0BJ193687
20-4194.,GRY,2011,CHEV EQUIN,2CNFLCEC9B6
20-4216,BLK,2016,HOND 4D CIVIC,1L9XFC2F88GE246564
20-4227,BLK,2017,TOYT 4RUNNE,JTEBU5JR0H5458350
20-4227,BLK,2017,TOYT 4RUNNE,JTEBU5JR0H5458350
20-4229,RED,2008,TOYT TACOMA,STEPX42N487529456
20-4237,GRY,2017,CHEV SILVER,3GCUKREH8HG191155
20-4237,GRY,2017,CHEV SILVER,3GCUKREH8HG191155
20-4252.,WHI,1995,JEEP GRACHE,134G278Y7SC713514
20-4263,BLU,2015,HOND U,
20-4263,BLU,2015,HOND U,
20-4309,BLU,2009,TOYT 4D CAMRY,4T4BE46K69R081099
20-4336,GRY,2005,HOND SE CIVIC,2HGES16565H548906
20-4352,VIN:,JSIGR7MA4H2100807,YEL 2017 MC,JSIGR7MA4H2100807
20-4379,BRO,2003,HOND SE CIVIC,2HGES26723H530794
20-4396,BLK,2011,SU4ZI Sk4,JS2YB5A39B6301679
20-4396,BLK,2011,SU4ZI Sk4,JS2YB5A39B6301679
20-4406,BRO,2005,DODG DAKOTA,1D7HW48N55S184734
20-4454,BLU,2019,DODG VN GRC,2C4RDGEG9KR670021
20-4483,BLU,2002,JEEP U LIBERTY,1J46L48K82W313777
20-4501,WHI,2018,SUBA LL OUT,4S4BSAKC7J3298073
20-4501,WHI,2018,SUBA LL OUT,4S4BSAKC7J3298073
20-4536,GRY,2008,SAA ST 95,YS3ED59G683504059
20-4580,WHI,2004,PONT,
20-4593.,GRN,2015,TOYT PRIUS,JTDKN3DUOF1864199
20-4608,WHI,2013,DODG CO CHALLE,2C3CDYBTXDH524673
20-4616,RED,2015,AUDI CO A5,WAUMFAFHXFN002639
20-4638,BLK,2007,AUDI SE A4,WAUDF78E67A156540
20-4647,WHI,2013,MERZ SE C300,WDDGF8ABKDR245956
20-4647,BLK,2005,HYUN SANTFE,KM8SC73E75U902608
20-4647,BLK,2016,SUBA XVCROS,JF2GPABC8G8248534
20-4695,BLU,2005,JEEP LIBERT,104GL38K55W721278
20-4714,GRY,2019,1500,1C6SRFBT4KN580603
20-4741,RED,2010,HOND TK RIDGELINE,5FPYK1F44AB009078
20-4741,RED,2010,HOND TK RIDGELINE,5FPYK1F44AB009078
20-4762.,BLU,2016,1500,3C6RR7LTOGG164292
20-4769,GRY,2011,LEXS RX350,2T2BK1BAXBC101548
20-4784,GRY,2016,FORD EDGE,2FMPK4G91GBB24951
20-4786,WHI,2015,CHRY 4D XX¥X,1C3CCCBGXFNS515619
20-4786,WHI,2015,CHRY 4D XX¥X,1C3CCCBGXFNS515619
20-4791,WHI,2016,FORD F150,1IFTEWLEG8GKE45021
20-4813,BLK,2011,NISS ROGUE,JN8ASSMV7BW306229
20-4835,BLK,GMC,PK SIERRA,
20-4837,BLK,2006,FORD SRWSUP,LFTWW31586EA87565
20-4846,GRY,2006,PONT VIBE,5Y2SL658X6Z2413839
20-4870,BLK,2011,NISS FRONTI,IN6ADOER9BC440734
20-4855,BLU,2001,PONT SE GRANAM,1G2NE52T51M599634
20-4855,GRN,1998,JEEP ST CHEROK,134FJ68S7WL100694
20-4866,BLK,2012,TOYT SE CAMRY,4T1BD1FK7CU018306
20-4878,,,,
20-4906,,,,
20-4916,PC,MA,7WL178 VIN: SALJUY1241SA159036 WHI 1995 DISCOV,SALJUY1241SA159036
20-4916,BLK,2006,HOND PILOT,2HKYF18126H548792
20-4920,WHI,2009,GMC ACADIA,1GKEV23D19J102582
20-4938,WHI,2016,SUBA SE WRX,JF1VA1E65G9815053
20-4939,WHI,2026,4D FIE,SXXGT4L36LG388437
20-4940,GRY,2018,NISS U RGE,KNMAT2MV8JP588915
20-4944,WHI,2019,SUBA SW CTK,JF2GTACC4K8372531
20-4945,BLK,2012,VOLK 4D GETTA,3VWDP7AJ5CM394042
20-4967,GRY,2019,BUIC ENCORE,KL4CJESB1iKB833927
20-4971,2017,TOYT,4D YAR,3MYDLBYV7HY148783
20-4977,BLK,2003,HOND SE CIVIC,2HGES26763H508166
20-4989,,,,
20-4996,GRY,2005,GMC CANYON,IGTDT196058223363
20-5002,GRY,2006,PONT VIBE,5Y2SL658X62413839
20-5021,GRY,1996,MITS SE,
20-5033,BLK,2010,JEEP LIBERT,104PN3GK8AW162296
20-5040,WHI,2010,HYUN SE ELANTR,KMHDU4ADSAU964484
20-5042,GRY,2017,TOYT TUNDRA,STFUYSF15HxX653742
20-5046,BLK,2014,SUBA ST OUTBAC,4S4BRBLC3B3215678
20-5066,in,driveway,,
20-5080,GRN,1994,FORD RANGER,LFTCRIOA7RTA2Z1327
20-5093,WHI,2014,NISS SE ALTIMA,iIN4AL3AP4EC136359
20-5095,BRO,2001,HOND SE CIVIC,2HGES16581H510751
20-5116,GRY,2014,VOLK TIGUAN,WVGBV3AX6EW521084
20-5136,BLU,2019,FORD SE FUSION,3FA6POSU5KR156758
20-5162,GRY,2016,HOND CO CIVIC,2HGFC3B38GH353295
20-5162,BRO,2009,HOND 4T CRV,536RE48569L056949
20-5175,GRY,2018,BMW SE 3206,WBA8A3C54JA494445
20-5196,WHI,2017,VOLK SE JETTA,3VW2B7AT7HM240994
20-5199,BLU,2017,SUBA ST IMPREZ,4S3GTAA64H3750400
20-5214,WHI,2019,FORD U EXPLORER,
20-5216,WHI,2005,GMC SAVANNA,1GDJG31U151112208
20-5247,BLU,2012,JEEP LIBERT,1C4PJMAK9CW133098
20-5248,GRY,2005,MITS U ENDEAV,4A4MN21S25E012555
20-5248,,,,
20-5248,GRY,2005,MITS U ENDEAV,4A4MN21S25E012555
20-5248,,,,
20-5267,BLU,2011,HYUN SE ELANTR,KMHDH4AR3BU157315
20-5267,BLK,2019,DODG 1500,1C6SRFLT4KN580471
20-5267,BLU,2011,HYUN SE ELANTR,KMHDH4AR3BU157315
20-5267,BLK,2019,DODG 1500,1C6SRFLT4KN580471
20-5288,RED,2010,NISS 4D SENTRA,3N1AB6AP3AL726617
20-5323,GRY,2002,VOLK GTI,9BWDE6
20-5323,GRY,2002,VOLK GTI,9BWDE6
20-5330,RED,2004,CHEV CO CAVALT,3G1J3H12F048170466
20-5332,WHI,2016,GMC SIERRA,1GTV2LEC3G2Z183209
20-5336,RED,2014,FORD. SE FOCUS,LFPADP3K20BL285050
20-5342,WHI,2010,268,SPVNJ8JM7A4550137
20-5393,GRY,1999,AUDI SE A8,WAUBG34D4XN000287
20-5410,BLK,2017,HOND ODYSSE,5SFNRLSH99HB023885
20-5410,BLK,2017,HOND ODYSSE,5SFNRLSH99HB023885
20-5418,BLK,2017,TOYT TACOMA,3TMCZ5SANOHM066860
20-5455,BRO,2005,FORD SE FOCUS,1FAFP34N45W289455
20-5465,,,,
20-5470,1GCGTDEN231153895,BLU,2018 CHEV COLORA,
20-5470,1GCGTDEN231153895,BLU,2018 CHEV COLORA,
20-5490,BLK,2015,SUBA CROSST,JF2GPAMC3FH278570
20-5506,BLK,2007,TOYT FUJCRUI,JTEBU11F370082611
20-5531,GRY,2015.,TOYT RAV4,JTMRFREV6FD159668
20-5521,BLU,2004,FORD Econoline E250,IFTNE24W14HB51650
20-5530,BLK,2007,TOYT FUCRUI,JTEBULIF370082611
20-5548,RED,2011,HOND CRVSPO,5J6RE4H3
20-5549,BLU,2014,FORD PK 150,1C6RR7VTOES406470
20-5564,BLK,2013,KIA SORENT,SXYKTDA26DG336792
20-5564,GRN,2007,FORD SE FOCUS,1LFAHP34NX7W338881
20-5572,GRN,2013,FORD F150,1FTFXIET6DFPA08251
20-5581,BLK,1999,MERC SE SABLE,1MEFM53S1XA624921
20-5644,WHT,2019,TOYT RAV4,JTMPIRFV8KD025341
20-5651,GRY,2005,MITS ENDEAV,4A4MN21S25E012555
20-5652.,BLK,1979,GMC K1500,TKL1491545995
20-5658,WHI,2015,PROMASTER CITY,ZFBERFBT1F6A09792
20-5673.,GRN,2005,JEEP LL GRAND CHEROKEE,134HR58205C616390
20-5673.,GRN,2005,JEEP LL GRAND CHEROKEE,134HR58205C616390
20-5694,GRY,2010,CHEV TRAVER,1IGNLVEED1AS100614
20-5694,GRY,2010,CHEV TRAVER,1IGNLVEED1AS100614
20-5708,BLU,2005,DODG VN CARAVAN,1D4GP45R15B433303
20-5708,BLU,2005,DODG VN CARAVAN,1D4GP45R15B433303
20-5719,WHI,2015,OT Th WABASH - TT TRAILER,1lJIV532D6FL850819
20-5720:,2012,TL,Ti,5J7PBU2320CP030669
20-5738,BLU,2016,HYUN 4D ELANTRA,KMHDH4AE5GU543080
20-5742,YEL,1997,HOND GL1500,1HFSC3404VA001932
20-5746,BLK,2011,TOYT PRIUS,JTDKN3DUXB1361922
20-5748,GRY,2016,TOYT PRIUS,JTDKBRFU1G3010174
20-5786,RED,2006,TOYT SIENNA,5TDZA23C16S482005
20-5862,BRO,2014,HOND VN ODYSSH,5FNRLSH97EB033505
20-5868,BLK,2018,NISS ARMADA,JN8AY2NC5J9556141
20-5869,GRY,2003,CHRY TOWN & COUNTRY,2C8GP54L73R27111i1
20-5888,BLK,2014,JEEP CHEROK,1C4PUMCS2EW244382
20-5892,BLK,2018,HOND 4D CLY,JHMZC5F16JC020506
20-5928,BLU,2010,KIA RIO,KNADHSA3XA6651180
20-5927,BLU,2013,NISS SE ALTIMA,1N4AL3APXDN404043
20-5941,GRY,2015,LEXS SE IS,JTHCF1D24F5015950
20-5948,GRY,2006,HOND RIDGEL,2HJYK165X6HS75860
20-5958,WHI,2013,GMC SAVANA,1GDY72CA5D1900905
"20-5961,",RED,2012,JETTA,3VW2K7AJ9CM467970
20-5975,GRY,2005,HOND SE ACCORD,1HGCM55455A167919
20-5986,RED,2002,CHEV S10,1GCCS19W128263364
20-5988,GRY,2017,JEEP GRACHE,1C4RUFAGXHC886759
20-5993.,RED,2016,SUBA SE LEGACY,4S3BNAC63G3040520
20-6028,WHI,2019,SUBA OUTBACK,4S4BSAFC3K3344283
20-6030,GRY,2007,HOND CRV,JHLRE48737C077359
20-6031,GRY,2016,TOYT PRIUS,JTDKBRFU1iG3010174
20-6043,BLK,2016,FORD F150,LFTEWLEP4GFC34729
20-6049,VIN:,4M2ZU86K02ZJ43042,GRY 2002 MERC MOUNTA,4M2ZU86K02ZJ43042
20-6061,BLK,2014,JEEP CHEROK,1C4PIMCS2EW244382
20-6063,RED,2002,CHEV Si0,1GCCS19W128263364
20-6065,RED,2004,CHEV TAHOE,1GNEK13T54R150951
20-6075,GRY,2015,TOYT SE PRIUS,JTDKDTB33F1087479
20-6088,BLK,2008,TOYT VN SNA,5TDBK23C188021551
20-6097,2019,DODG,4D CHA,2C3CDXBG1KH650253
20-6141,RED,2006,CHEV TRAILB,1GNDT135362354305
20-6142,GRN,2004,GMC SIERRA,2GTEK19T341238101
20-6142,GRN,2004,GMC SIERRA,2GTEK19T341238101
20-6169,RED,2001,CHEV U TRAV.,IGNKVGED5BJ163617
20-5Est,2009,DODG,RAM,1D3HV18T49S734304
20-6174,GRY,2005,TOYT CO CAMSOL,4T1FA38P75U057835
20-6185,RED,2017,FORD SE FUSION,3FA6POHD5HR128281
20-6185,RED,2017,FORD SE FUSION,3FA6POHD5HR128281
20-6190.,BLK,2016,CHEV 4D CRZ,
20-6193.,BLU,2013,HYUN SE SONATA,SNPEB4AC5DH621582
20-6203,GRY,2003,BUIC 4D LE SABRE,1G4HP54K63U292656
20-6224,BLU,2009,HOND LL CRV,5J6RE485291L065342
20-6280.,GRN,2007,SUBA SW LEGACY,4S4BP63C176304597
20-6282,2017,GMC,PK SIETTA,3GTU2MECSHG290474
20-6284,WHI,2016,FORD 4D TAURUS,1FAHP2E9XGG138153
20-6285,GRY,2020,KIA SORENT,5XYPGDA31LG641117
20-6290,GRY,2006,PONT VIBE,5Y2SL658662429777
20-6309,GRY,2020,TOYT TACOMA,3TMCZ5AN5LM338909
20-6310,WHI,2015,AUDI SE A3,WAUBFGFF2F1090716
20-6311,BLK,2016,CHRY SE 200C,1C3CCCEG8GN174881
20-6315,RED,2006,PONT SE G6,1G2ZH558X64250153
20-6316,BLU,2008,SUZI SE SxX4,JS2YC415085102284
20-6324,GRY,2006,HOND CIVIC,IHGFA16876L0317603
20-6324,GRY,2006,HOND CIVIC,IHGFA16876L0317603
20-6339,BLU,2018,FORD EDGE,2FMPK4J89JBB22405
20-6358,2006,HOND,SW,
20-6358,2006,HOND,SW,
20-6360,BLU,2010,BUIC 4D,1G4GBS5EG2AF110327
20-6363,BLK,2016,SUBA OUTBAC,4S4BSAFC3G3330536
20-6366,2015,TESL,4D S,SYJSA1LH23FF091910
20-6371.,GRY,1999,HOND SE ACCORD,JHMCG6672XC033184
20-6389,RED,2015,LL SPORTAGE,KNDPCCAC4F7701530
20-6396,RED,2013,TOYT PK TACOMA,3TMLU4EN5DM109523
20-6413,RED,2020,TOYT 4D COROLLA,
20-6426,GRY,2017,DODG VN,2C4RDGEG1HR546348
20-6432,BGE,2006,SUBA Forester 2.5x Premium,JPF1SG656X6H723276
20-6432,RED,2020,CADI 4D,LGYFZDRAXLFO93
20-6444,RED,2002,GMC SIERRA,1GTHK29U92E218328
20-6446,WHI,2017,CHEV VN EXPG25,1GCWGAFF7H1132699
20-6449,WHI,2016,HYUN SE ELANGT,KMHD35LH1GU284602
20-6462,RED,2018,TOYT RAV4,JTMRJREVOJD175663
20-6463,GRY,2017,SUBA ST OUTBAC,4S4BSANC1H3265785
20-6468,BLK,2008,JEEP LIBERT,1J8GN28K28W154132
20-6474,VIN:,2C4RDGBG6KR6,84740 BLK 2019 DODG Ll: CARAVAN,2C4RDGBG6KR6
20-6474,BLK,2016,JEEP U COMPASS,1C4NJDBB8GD674215
20-6484,BLK,2017,CHEV 4D BLT,1G1FPX6804H4152673
20-6494,BLK,2020,NISS ROGUE,JN8AT2MV4LW117762
20-6510,RED,2002,VOLK HB GTI,SBWDE617924067257
20-6511,WHI,2019,TOYT SE AVALON,4T1BZ1FB1KU001873
20-6511,WHI,2019,TOYT SE AVALON,4T1BZ1FB1KU001873
20-6532,BLU,2008,TOYT TUNDRA,5TBBV541885504968
20-6532,WHI,2018,BMW SE 4301,WBA4W5C52JAA49409
20-6570,2019,CHEV,TK,1GC4KVCY7KF274645
20-6570,WHI,2016,TL WABA 1JJ7,1JJV532DXGL910716
20-6587,BLU,2013,HOND CRV,2HKRM4H35DH625875
20-6587,BLU,2013,HOND CRV,2HKRM4H35DH625875
20-6595.,GRY,2014,DODG GRACAR,2C4RDGBG3ER476626
20-6595.,GRY,2007,LEXS RX350,JTJGK310870001691
20-6607:,GRY,2009,CHEV SE COBALT,1G1AS58H097196749
20-6631,PC,MA,2RC214 BLK 2010 CHEV U AVALANCH,
20-6631,RED,2007,HOND U CRV,JHLRE48367C010106
20-6631,RED,2007,HOND U CRV,JHLRE48367C010106
20-6653,GRY,1999,HOND SE ACCORD,1HGCG1652KA028003
20-6655,WHI,2014,NISS SE ALTIMA,IN4AL3AP4EC136359
20-6659,Disp-21:16:36,Enrt-21:16:41,Arvd-21:19:21 Clrd-21:20:03 SIL 2001 VOLK HB GOLF,SBWGP610514064331
20-6661,,,,
20-6661,,,,
20-6662,BLU,2015,HOND 4H FIT,3HGGKSH88FM712134
20-6690,GRY,2019,TOYT SE COROLL,2T1BURHE1KC243858
20-6691,2020,NISS,ALTIMA,IN4BL4BV5LC234305
20-6702,WHI,1999,HOND SE CIVIC,2HGEJ6670XH505909
20-6711,RED,2011,FORD SE VIN: 3FADP4CJ9BM124802 FIESTA,3FADP4CJ9BM124802
20-6719,GRY,2010,CHEV SILVER,1GCSKSE30AZ130651
20-6727,WHI,2018,FORD TRANSE,1FTYE1CM5JKA22431
20-6736,GRY,2008,SUBA LL FORRESTER,JF1SG65678H727661
20-6739,BLU,2017,FORD,IFMCUSJDIHUE36122
20-6752,GRY,2017,SUBA ST IMPREZ,4S3GTAA69H3740624
20-6759,WHI,2006,ACUR TSX,JH4CL96946C022250
20-6770,BLU,2012,MAZD MAZDA2,JMLDELKZ1C0142821
20-6777,GRY,2010,SUBA LiL FORRESTER,JF2SH6CCKXAH773055
20-6782,WHT,2013,NISS SE ALTIMA,1N4AL3AP3DN507837
20-6784,GRY,2008,NISS XTERRA,SN1AN08W78C528770
20-6786.,BLK,2018,FORD LL ESCAPE,1LFMCU9GD7JUA11825
20-6788,GRY,2004,FORD U ESCAPE,1FMCU931X4DA12175
20-6793,RED,2019,CHEV SE BOLT,1GiFY6S02K4112015
20-6804,WHI,1995,CHEV Astro VAN,LGCDM1
20-6822,2006,HOND,SW,5J6YH28766L006377
20-6822,2006,HOND,SW,5J6YH28766L006377
20-6829,ONG,2014,HYUN SANTAF,SXYZU3LB2EG124945
20-6848,GRY,2009,SUBA FORRESTER,JF2SH63669H758977
20-6853,RED,2011,VOLK SE JETTA,3VWDZ7AJXBM362213
20-6875,BLK,2016,TOYT TK TUNDRA,STFUYSF19GX564660
20-6901,BLK,2014,HOND SE ACCORD,LHGCR2F83EA266093
20-6924,BLU,2010,CHEV PK,1GCSKSE36AZ158342
20-6929,GRY,2019,KIA SEDONA,KNDMC5C17K6540052
20-6933,GRY,2009,HOND SE ACCORD,1HGCP36859A022396
20-6933,WHI,2007,LINC 4D MKZ,3LNHM28T07R642001
20-6937,RED,2014,4D C30,WDDGF8AB5RA904154
20-6941,BLK,2018,SUBA SE LEGACY,4S3BNAN67J3010683
20-6951,WHI,2016,FORD TRANSI,1FTYELYM1GKA13145
20-6960,BLU,2019,VOLK TIGUAN,3VV4B7AX2KM057608
20-6961,GRY,2013,HOND FIT,JHMGE8H32DC005247
20-6964,GRY,2005,GMC ENVOY,1GKDT13S452165500
20-6964,GRN,2010,SUBA HB,
20-6964,BLK,2004,JEEP LL WRANGLER,1J04FA39S04P746338
20-6968,WHI,CHEV,VAN,
20-6973,BLK,2015,FORD LGTCON,1FTEWLEPOFFB41172
20-6977,BLK,2010,BUIC,1G4GD5EG4AF
20-6978,GRY,2011,SUBA SW,JF1GHED6
20-6978,GRY,2011,SUBA SW,JF1GHED6
20-6979,WHI,2013,MINI HB,
20-6982,2010,VOLV,U XC9,YV4982CZ7A1532330
20-6982,2010,VOLV,U XC9,YV4982CZ7A1532330
20-7003,BLK,2018,CHEV EQUINO,3GNAXSEV0JL130033
20-7003,RED,2001,TOYT HIGHLANDER,JTEHF21A110027922
20-7003,BLK,2018,CHEV EQUINO,3GNAXSEV0JL130033
20-7003,RED,2001,TOYT HIGHLANDER,JTEHF21A110027922
20-7004,BLU,2008,HOND SE CIVIC,JHMFA36248S006965
20-7006,BLU,2017,CHEV EQUINOX,2GNFLFEK6H6216976
20-7006,GRY,2017,NISS ROGUE,SNIAT2MV1LHC822924
20-7016,GRY,2017,SUBA FOREST,JF2SJAGC4HH441558
20-7037,BLK,2015,CHEV EQUINO,2GNFLFEKXF6331268
20-7042,RED,2002,CHEV U TRL BLAZER,1GNDT13S2224178393
20-7045,WHI,2014,FORD SE FUSION,3FA6PO0D93ER264227
20-7045,WHI,2014,FORD SE FUSION,3FA6PO0D93ER264227
20-7046,PC,VP,HFB316 VIN: WALUFAFLIGA012136 BLK 2016 AUDI SW AA4,WALUFAFLIGA012136
20-7058,BLK,2015,JEEP CHBROK,1C4P.JLAB2FW580466
20-7064,GRY,2019,HOND FIT,3HGGK5H81KM743204
20-7064,BLK,2019,SUBA CROSST,JF2GTDEC5KH359804
20-7068,WHI,2020,FORD ESCAPE,1FMCU9SH95LUA64925
20-7069,BLK,2011,VOLK GOLF,WVWDM7A77BW174637
20-7075,RED,2005,FORD SRWSUP,1FTNF215X5EA14038
20-7086,GRY,2015,HOND PILOT,SPNYF4H22FB022042
20-7087,BLU,2008,TOYT RAV4,JTMBD33V985147261
20-7101,SIL,2014,TOYT PK,
20-7105,GRY,2019,CADI LL,1GYFZDR48KF102217
20-7105,GRY,2019,CADI LL,1GYFZDR48KF102217
20-7106,BLU,2011,NISS SE SENTRA,3N1ABG6APOBL666149
20-7107,2014,Reg:,,3AKJGLD51ESFV7545
20-7108:,GRY,2012,ST COOPER,WMWZCSCSSCWL57465
20-7108:,GRY,2012,ST COOPER,WMWZCSCSSCWL57465
20-7109,BLU,2003,VOLK CO BEETLE,3VWCK21V13M306226
20-7120,BLK,2015,1500,1C6RR7PT5FS700428
20-7123,GRY,2007,HOND 2D CIVIC,2HGFG11627H584939
20-7128,BLK,2006,SUZI GSX-R1000,JS1LGT76A462109518
20-7128,VIN:,JSIGX72A082102594,BLK 2008 SUZI GSK130,JSIGX72A082102594
20-7128,BLK,2006,SUZI GSX-R1000,JS1LGT76A462109518
20-7128,VIN:,JSIGX72A082102594,BLK 2008 SUZI GSK130,JSIGX72A082102594
20-7131,BLU,2012,FORD SE FUSION,3FAHPOHA7CR370531
20-7135,WHI,2018,FORD TRANSIT,LFTYELCM5JKA22431
20-7136,BLU,2007,TOYT SE CORMAT,2TIKR30E97C672764
20-7149,BLK,2019,HOND FIT,3HGGK5H46KM737217
20-7156,SIL,2020,MITS OUTLANDER,JA4AZ3A35LZ027256
20-7161,GRY,2011,TOYT SH CAMRY,4TIBF3EKXBUL25422
20-7165,BLK,2016,HOND CR-V,5J6RM4H48GL129049
20-7174,GRY,2006,JEEP U GRAND CHEROKER,1J4GR48K96C268466
20-7183,BLK,2018,TOYT 4RUNNE,JTEBUSJROJ5486199
20-7185,GRY,2006,HOND ODYSSEY,SFNRL38796B081575
20-7190.,VIN:,1GCPKSE79CF157537,GRY 2012 CHEV SILVER,1GCPKSE79CF157537
20-7205,RED,1999,PONT SE GRANAM,1G2NE52T3XC537888
20-7206,GRY,19993,HOND SE ACCORD,1HGCG1652XKA028003
20-7211,BLU,2014,CHEV CO CAMARO,2G1iFK3DJ0E9155680
20-7212,WHI,2008,CHEV EQUINO,2CNDL43F286335484
20-7230,RED,2010,HOND Li PILOT,SFNYF4H97AB035973
20-7230,GRY,2013,TOYT RAV4,JTMRFREV4DD020832
20-7244,BLK,2015,SUBA SE LEGACY,4S3BNAL68F3048577
20-7257,GRY,2011,LEXS,JTHBK1EG8B2440214
20-7260,GRN,2012,TOYT RAV4,2T3BF4DV7CW183370
20-7260,BLK,2003,HOND 4D CIVIC,2HGES16173H571699
20-7263,GRY,2008,MAZD CX7,JM3ER29L380183806
20-7275,BLU,2013,HOND CRV,2HKRM4H35DH625875
20-7293,WHI,1984,PT TK 359,1XP9DB9X8EN166752
20-7305,GRY,2007,CHEV SILVER,1GCEK14XXK72649534
20-7312,WHI,2013,BUIC SE VERANO,1G4PS5SK6D4174668
20-7314,BLU,2012,BMW SE 528XI,WBAXHS5CSXCDW08971
20-7314,BLU,2012,BMW SE 528XI,WBAXHS5CSXCDW08971
20-7315,RED,2006,MK 700,1M2AG11C66M039588
20-7316,GRY,2010,INFI SE G37 VIN; JNICV6AR3AM459678,
20-7331,GRY,2016,HOND CRV,2HKRM4H59GH714788
20-7331,GRY,2016,HOND CRV,2HKRM4H59GH714788
20-7332,WHI,2017,CHEV VN XXX,3N63MOYN3HK6
20-7338,WHE,2006,FORD Fi50,1FTRK14W26NB08994
20-7340,BLK,2015,HOND CRV,2HKRM4H7XFH671806
20-7340,BLK,2015,HOND CRV,2HKRM4H7XFH671806
20-7342,WHI,2019,HOND FIT,3HGGK5H45KM727844
20-7355,WHI,2016,SUBA SE LEGACY,4S3BNAC65G3059960
20-7362,BLU,2004,DODG PK RAM 1500 Quad ST/SLT,1D7HU18D54J128762
20-7362,BLU,2004,DODG PK RAM 1500 Quad ST/SLT,1D7HU18D54J128762
20-7364,BRO,2002,PONT SE GRAPRI,1G2WP52K12F224321
20-7367,AFMYU92124KA88637,BLU,2004 FORD ESCAPE,
20-7377,2019,NISS,,
20-7377,BLU,2019,VOLV LL XC90,YV4A22PL2K1442850
20-7384,WHI,2012,PORS U CAYENNE,WPLAE2A29CLA91787
20-7392,GRY,2014,SUBA SW IMPREZA,JF1GPAA66E8319520
20-7395,BLU,2020,HYUN 2D,KMHT36AH1LU005339
20-7409,BLU,2005,HYUN SE SONATA,KMHWF35H85A196209
20-7413,BLU,2015,FIAT SE 3C3CFFAR5FT550483,
20-7413,BLU,2015,FIAT SE 3C3CFFAR5FT550483,
20-7433,GRY,2015,TOYT TACOMA,3TMLU4EN7FM197736
20-7437,BLU,2011,HOND CRV,5J6RE4HS3BL122220
20-7437,WHI,2014,TOYT SE COROLL,2T1BURHE3EC002243
20-7439,BLK,2020,NISS LL RGE,SNIAT2MVXLC743759
20-7444,WHI,2019,TOYT TACOMA,5STFCZ5AN7KX208347
20-7446,BLK,2011,BMW SE 328,WBAPH7G54BNM56023
20-7447,BLU,2006,CHEV SILVERADO,1GCEK192ZX6Z217535
20-7467,WHI,2016,AUDI 4D AA3,WAUB8GFF6G1033205
20-7471,VIN:,SFNYF6H53JB039608,GRY 2018 HOND PILOT,SFNYF6H53JB039608
20-1814,GLD,2008,FORD U EXPLORER,1FMDU34E7XZA23872
20-7482,BLU,2009,NISS LL CUB,JIN8AZ28R69T102220
20-7483,RED,2014,TOYT SIENNA,STDKK3DC1ES467845
20-7484,SIL,2010,TOYT 4D COA,INXBU4EE5AZ312877
20-7484,SIL,2010,TOYT 4D COA,INXBU4EE5AZ312877
20-7486,BLU,2006,CHEV SILVERADO,1GCEK19ZX6Z217535
20-7488,ONG,2012,JEEP U WRANGLER,1C4BJWDG2CL256109
20-7489,RED,2006,FORD F250,1FTSW21PX6EA93605
20-7489,RED,2006,FORD F250,1FTSW21PX6EA93605
20-7515,WHI,2012,TOYT PRIUSV,JTDZN3EU5C3157483
20-7517,ONG,2013,TR UTILIT,1J9PT1419DD405226
20-7529,GRY,2000,TOYT SE CAM,4TIBG22K5YU706850
20-7538,SJ6RW1iH52KA027767,BLK,2019 HOND CR~V,
20-7538,SJ6RW1iH52KA027767,BLK,2019 HOND CR~V,
20-7539,TAN,2002,TOYT 4D CAMRY,4T1BE30KX2U013469
"20-7566,",GRN,2002,SAA CO 93.,YS3DF78K127013437
20-7567,SIL,2015,DODG PK 2500,3C6URSDLIFG520289
20-7567,BRO,2001,TL,49THG202611050297
20-7577,GRY,2011,CHEV TK,1IGCLKYCG7BF180471
20-7579,BLU,2007,TOYT SE AVALON,4T1BK36B77U248886
20-7598,GRY,2017,TOYT TACOMA,3TMDZ5BN3HM018188
20-7602.,RED,2020,SUZI GSX-R1000,GS1DM11H7L7100215
20-7602.,RED,2020,SUZI GSX-R1000,GS1DM11H7L7100215
20-7605,GRY,2005,HOND ODYSSE,5FNRL388X5B087635
20-7632,GRN,2009,HOND SE ACCORD,1HGCP26849A054072
20-7655,VIN:,3FA6,POH92ER367259 BLK 2014 FORD SE FUSION,3FA6
20-7655,VIN:,3FA6,POH92ER367259 BLK 2014 FORD SE FUSION,3FA6
20-7657:,WHI,2006,SUBA SE LEGACY,4S3BL626967207572
20-7670,RED,2002,DODG TK,
20-7671,BLU,2008,FORD ECONOLINE,iIFTNE14W48DA99437
20-7672,WHI,2019,VOLK GTI,3VWST7AU9KM038380
20-7672,WHI,2019,VOLK GTI,3VWST7AU9KM038380
20-7689,BLU,2019,HOND LL PILOT,5SFNYF6H35KB099440
20-7690,GRY,2020,GMC YUKON,1GKS2BKCOLR262241
20-7693,GRY,2017,VOLK SE. JETTA,3VWB67AJ1HM222897
20-7697,BRO,2003,TOYT SE COROLL,2T1BR32E53C019050
20-7697,BRO,2003,TOYT SE COROLL,2T1BR32E53C019050
20-7699,WHI,2013,HYUN SE ACCENT,KMHCU4AE9DU375947
20-7704,BRO,2005,FORD SE FOCUS,1FAFP34N45W289455
20-7714,BLK,2020,2500,3C6UR5FJ3LG211527
20-7715,WHI,2011,SUBA 4D OUTBACK,4S4BRBLCXB3346733
20-7731,BLU,2019,BUIC ENCORE,KL4CJESB2KB814013
20-7746,2020,CADI,ESCALADE.VST/UT. REGISTE,1GYS4HKIJXLR104443
20-7752,BLU,2002,HYUN SANTFE,KM8SC73D92U335238
20-7757,RED,2005,DODG SW,2D4GV58255H536502
20-7779,BLU,2012,HYUN SE SONATA,SNPEC4AC6CH321660
20-7779,BLK,2015,FORD FIESTA,3FADP4EEOFM189463
20-7781,BLK,2019,NISS ROGSPO,JNIBJICR2KW314435
20-7782,1GCEC14V52Z242421,BLU,2002 CHEV TK,
20-7782,1GCEC14V52Z242421,BLU,2002 CHEV TK,
20-7784,RED,2006,FORD FREEST,1FMDK05176GA27981
20-7792.,2020,Reg:,,5EOAA1647LG449401
20-7792.,WHI,2020,389,INPXLP9XOLD632226
20-7795,BLU,2013,FORD ST FLEX,2FMHK6DT9DBD34872
20-7797,BLU,2017,TOYT LL RAV4,JTMBFREV4HJ138534
20-7800,GRY,2020,4D OPTIMA,5XXGT4L33LG438873
20-7802,BLU,1994,TOYT SE CAMRY,JT2SK12E6R0214000
20-7813,GRN,2010,SUBA FOREST,JF2SH6AC1AH703527
20-7821,GRY,2016,TOYT RAV4HV,JTMRGREV9GD048144
20-7828,BRO,2007,JEEP PATRIO,
20-7830,GRY,2013,HOND FIT,
20-7844,BLK,2014,NISS 4D VRS,3NICN7AP0OEL854793
20-7847,GRN,2018,HOND CRV,7FARW2H57JE013529
20-7853,RED,2018,CHEV EQUINO,2GNAXSEV8d6202343
20-7853,RED,2018,CHEV EQUINO,2GNAXSEV8d6202343
20-7854,WHI,2015,MAZD CX5,JM3KE4CY5F0551379
20-7887,BLK,2019,1500,LC6RR7FTXKS547055
20-7907,BLK,2016,HOND CO FIT,JHMGK5H50GXK027950
20-7914,WHI,2016,SUBA Liu FORRESTER,JF2SJAGC9GH431543
20-7923,GRY,2013,DODG SE DART,1C3CDFCA4DD251969
20-7924,GRY,2012,HYUN 4D,SNPDH4AE3CH0
20-7926,WHI,2015,MERZ U Gi4,4d3GDF6EE8FA494310
20-7927,BLU,2013,FORD 4D FOCUS,1FADP3L93DL126100
20-7932,GRY,2017,NISS SE SENTRA,3NLAB7AP9HL693980
20-7934,BLU,2013,HYUN 4D GEN,KMHGC4DD2DU226786
20-7944,BLU,2020,HOND CR-V,2HKRW2H58LH637436
20-7944,BLU,2020,HOND CR-V,2HKRW2H58LH637436
20-7955,BRO,2004,TOYT HIGHLA,JTEEP21A440061759
20-7958,GRY,2018,AUDI LL Q3,WALJCCFS1UJR004961
20-7957.,RED,2016,PORD F150,LFTFXLEF4GFC10634
20-7959,BLU,2011,TOYT HIGHLA,JTEDC3EH2B2001582
20-7969,RED,2012,SUBA ST IMPREZ,JFIGPAA67CG205285
20-7970,GRY,2012,FIAT 500,3C3CFFBR5CT139899
20-7970,GRY,2012,FIAT 500,3C3CFFBR5CT139899
20-7972,RED,2010,NISS 4D SENTRA,
20-7976,BLU,2009,TOYT 4D YAR,JTDBT903291303321
20-7976,BLK,2018,HYUN SE ELANTR,SNPD74LF7JH245693
20-7983,WHE,2012,SUBA LEGACY,4S3BMBH67C3013557
20-7983,WHE,2012,SUBA LEGACY,4S3BMBH67C3013557
20-307,RED,2004,CHEV AVEO,KL1iTJ62614B170738
20-7988,WHI,2017,FR TK,3ALACWDTXHDJG5849
20-7994,BLK,2014,HOND SE CIVIC,19XFB2F55EE232756
20-8000,1921,SUBA,,JF2GTABC2M8204925
20-8003,GRN,2016,SUBA 4D FORESTER,JF2SJAFC6GH558512
20-8008,WHI,2006,AUDI SE A4,WAULC68E23A284413
20-8008,WHI,2012,FORD ESCAPE,1IFMCUSEG2CKB64317
20-8014,GRY,2005,TOYT PRIUS,JTDKB20U353115943
20-8025,,,,
20-8025,,,,
20-8029,BLU,2017,HOND ST FIT,3HGGK5G57HM703211
20-8031,BRO,2003,FORD PK RANGER,1FTZR45E53TA48587
20-8031,BRO,2003,FORD PK RANGER,1FTZR45E53TA48587
20-8058,GRY,2018,VOLK TIGUAN,WVGBV7AX2JK006110
20-8069,WHI,2009,GMC SIERRA,LGTHK74K09F147396
20-8082,GRY,2015,CHEV TAHOE,1GNSKBKCOFR265583
20-8083,VIN:,1IB7KF2368XJ3537657,GRN 1999 DODG RAM,1IB7KF2368XJ3537657
20-8084,GRY,2015,,5J6RM4H30FL089457
20-8084,GRY,2015,,5J6RM4H30FL089457
20-8085,BLU,2006,CHEV SILVERADO,1GCEK19ZX62Z217535
20-8088,GRY,2011,JEEP WRANGL,1J4AA2D14BL502182
20-8090,GRY,2007,SUBA ST LEGACY,4S4BP61C977324478
20-8099,GRY,2015,TOYT VENZA,4T3BA3BB9FU066590
20-8105,WHI,2017,VOLK SE PASSAT,IVWDT7A3
20-8110,BLK,2015,NISS JUKE,JN8AF5MV7FT552273
20-8110,BLK,2015,NISS JUKE,JN8AF5MV7FT552273
20-8119,GRY,2017,LEXS RX,2T2Z2ZMCA7HCO52828
20-8127,was,to,,
20-8128,GRY,2016,FORD EDGE,2FMPK4J398GBC00058
20-8136,BLK,2008,CHEV TRAILBLAZER,1GNDT13S982247388
20-8138,GRY,2017,MAZD CX5,JM3KFBCL6H0140470
20-8153,VIN:,5J6RM4H73GL018483,WHI 2016 HOND CR-V,5J6RM4H73GL018483
20-8153,VIN:,5J6RM4H73GL018483,WHI 2016 HOND CR-V,5J6RM4H73GL018483
20-8156,BLU,2018,HOND LL CRV,7FARW2H87JE000175
20-8206,BLU,2017,TOYT,4TIBF1FK3HU690722
20-8213,WHI,2015,CHEV VOLT,1G1LRA6H41FU111346
20-8239,BLK,2013,JEEP Grand Cherokee Laredo,1C4RIJFAG4DC63
20-8241,RED,2009,SUBA SW IMPREZA,JF1GH60649H907852
20-8254,,,,
20-8265,BLK,2011,KIA SORENT,5XYKUDA24BG052538
20-8291,GRY,2012,SUBA SW,JF2SHABC8CH464580
20-8312,RED,2005,SUBA FORESTER,JF1SG63655H709741
20-8323,GRY,2005,HOND SE ACCORD,LHGCM56455A014584
20-8326,GRY,2003,CHEV TRAILB,1GNDT13S232391857
20-8335,GRY,2016,KIA SE OPTIMA,5XXGT4L15G6G028094
20-8335,,,,
20-8336,BLU,2006,VOLK SE JETTA,3VWRG71K96M835559
20-8338,RED,2015,NISS ROGUE,JN8AS5MV2FW262047
20-8344,GRY,2014,JEEP GRACHE,1C4RJFAG7EC270299
20-8354,GRY,2014,CHEV SILVER,1IGCVKREC8E2409843
20-8358,GRY,2008,HOND 4D CIVIC,2HGFA16538H344494
20-8363,BLK,2019,HYUN SE SONATA,KMHE14L20KA092713
20-8363,BLK,2019,HYUN SE SONATA,KMHE14L20KA092713
20-8392,GRY,2004,HOND CO CIVIC,LHGEM217741L070487
20-8396,GRN,2010,HOND ODYSSE,5FNRL3H79AB035561
20-8399,WHI,2014,SUBA 4D CROSSTREK,JF2GPACC4E8313911
20-8419,,,,
20-8448,BLU,2012,MAZD ST 5,JMLCW2BL0C0113966
20-8468,WHI,2013,HOND 4D CRV,5J6RM4H77DL009510
20-8469,WHI,2013,HOND 4D CRV,536RM4H77DL009510
20-8469,WHI,2013,HOND 4D CRV,536RM4H77DL009510
20-8473,BLK,2018,VOLK GOLF R,WVWVF7AU2JW204618
20-8473,GRY,2008,NISS U PATHFINDER,5N1AR18B58C663530
20-8473,BLK,2018,VOLK GOLF R,WVWVF7AU2JW204618
20-8473,GRY,2008,NISS U PATHFINDER,5N1AR18B58C663530
20-8477,BLK,2004,HOND SE CIVIC,2HGES15594H621542
20-8477,2014,HOND,ODY,S5FNRL5H27EB022054
20-8481,BLK,2009,HYUN 4D ELANTRA,KMHDU46D49U810529
20-8493,GRN,2000,DODG V15,2B6HB11Y1LYK174407
20-8513,GRY,2009,LEXS LL R35,2T2HK31U69C119203
20-8513,GRY,2009,LEXS LL R35,2T2HK31U69C119203
20-8516,GRN,1996,JEEP CHEROKEE,
20-8530,BLK,2019,MAZD CX-9,JM3TCBEY3K0324231
20-8555,BLU,2010,HOND CO CIVIC,
20-8556,GRY,2005,TOYT SE COROLL,
20-8559,BLU,2001,DODG PK RAM 1500,3B7HC13Y81M511603
20-8560,GRY,2019,TOYT U RAV4,JTMPLRFV9KJ018528
20-8560,GRY,2019,TOYT U RAV4,JTMPLRFV9KJ018528
20-8565,BRO,2013,HOND SE ACCORD,IHGCR2F87DA038838
20-8611,GRY,2020,OT MOTORHOME,WDAFF4CD9KT006334
20-8617,WHI,2020,NISS ROGUE,KNMAT2MV7LP503145
20-8628,BLK,2016,HYUN TUCSON,KM8323A41GU238505
20-8628,WHI,2004,CHEV SUBURB,3GNFK16T54G6268840
20-8655,WHI,2011,TOYT SE CAMRY,4T1IBF3EK2BU640107
20-8655,WHI,2011,TOYT SE CAMRY,4T1IBF3EK2BU640107
20-8675,BLK,2010,HOND 4D ACCORD,1LHGCP2F33AA025655
20-8696,BLK,2010,CHEV AVALAN,3GNVKFEO3AG256844
20-8699,BLK,2005,ACUR MDX,2HNYD18895H532383
20-8709,WHI,2014,CADI ESCALADE,1GYS4DEFLER215174
20-8732,SIL,2005,MERC 2D SGS,IMEFM50U15A600590
20-8741,BLK,2010,HOND CRV,5J6RE3H35AL036818
20-8752,GRY,2007,PONT SE G6,1G62ZH58N774248802
20-8754,BLK,2002,TOYT CO CAMSOL,2T1FF28P02C597925
20-8775,GRY,2003,PONT MONTAN,1GMDX13E73D266036
20-8776,BLU,2010,TOYT 4D PRIUS,JTDKN3DU7A0007893
20-8794,GRY,2013,MAZD 4D MZ3,JMIBL1UP0D1754254
20-8794,SIL,2014,TOYT 4D AVA,4T1BK1EBXKEU117700
20-8798,RED,2017,NISS TK TITAN,1N6AALEJ7HN556438
20-8808,BLK,2014,JEEP GRANDC,1C4RJFCGXEC247886
20-8816,GRY,2004,TOYT SE AVALON,4TiIBF28B64U366922
20-8818,2013,SUP,,LF66F5DY8D0A02643
20-8824,BLU,2008,TOYT RAV4,JTMBD33V985147261
20-8831,GRY,2019,NISS SE SENTRA,3N1AB7AP4KY257810
20-8850,BRO,2001,BUIC SE LESABR,1G4HP54K014185647
20-8876,BRO,2001,BUIC SE LESABR,1G4HP54K014185647
20-8879,BLK,2015,JEEP RENEGADE,ZACCJBBT9FPB18970
20-8879,WHI,2016,BMW SE,WBA3T7C59G5A37212
20-8886,SIL,2002,BMW 4D 3-SERIES,WBAEU33442PF56848
20-8887,GRY,2015,HOND FIT,3HGGK5H51FM739312
20-8902,SIL,2013,TOYT PK,
20-8904,BLK,2015,SUBA LL XXX,JF2GPADC9F8261367
20-8904,BLK,2015,SUBA LL XXX,JF2GPADC9F8261367
20-8915,GRY,2015,FORD TK,1FTEXIEPSFFB80109
20-8924,WHI,2012,JEEP COMPAS,1C4NJDEB9CD572945
20-8947,BLK,2006,TOYT RAV4,JTMBD32V765016635
20-8947,RED,2015,BMW 4D,WBA3A5C53FP605481
20-8978,GRN,2007,DODG GRAND CARAVAN,2D4G6P44L97R122381
20-8989,BLU,2011,NISS 4D SENTRA,3NLAB6AP9BL615264
20-9003,GRY,2018,HYUN SE ELANTR,KMHD84LF8JU555852
20-9004,GRN,2008,TOYT RAVNEW,JTMBK33VX86041787
20-9007,GRN,2005,TOYT SE COROLL,2T1BR32E05C472933
20-9012,GRY,2011,FORD SE FUSION,3FAHPOHA7BR102299
20-9041,GRY,2019,BMW X3,SUXTR9C52KLD92447
20-9046,WHI,2005,LEXS SE IS,JTHBD192850100814
20-9085,GRY,2008,VOLV XC70,YV4B2982981018914
20-9086,GRY,2019,AUDI SE A4,WAUENAF4
20-9087,RED,2009,FORD U ESCAPE,1FMCU93G59KA66393
20-9089,BLU,2005,SAA 4D 93 & 93B,YS3FD49YX51057430
20-9089,broke,a,,
